,categoryName1,watchTimes1,categoryName,watchTime_min,categoryRatio,channelTitle,watchTimes2,channelLink,language,lanCounts
0,People & Blogs,134,People & Blogs,13.4,0.32,Gate Smashers,137,https://www.youtube.com/channel/UCJihyK0A38SZ6SdJirEdIOw,hindi,183
1,Music,114,Music,11.4,0.27,yatri doctor,88,https://www.youtube.com/channel/UCoxPghkIDTPxtgZV4Zx8tMw,english,126
2,Entertainment,78,Entertainment,7.8,0.19,T-Series,64,https://www.youtube.com/channel/UCq-Fj5jknLsUf-MWSy4_brA,,
3,Education,56,Education,5.6,0.13,Dhruv Rathee,48,https://www.youtube.com/channel/UC-CSyyi47VX1lD9zyeABW3w,,
4,Sports,32,Sports,3.2,0.09,YRF,44,https://www.youtube.com/channel/UCbTLwN10NoCU4WDzLf1JMOA,,
5,,,,,,SonyMusicIndiaVEVO,43,https://www.youtube.com/channel/UC3MLnJtqc_phABBriLRhtgQ,,
6,,,,,,Sarthak Goswami,41,https://www.youtube.com/channel/UC5fcjujOsqD-126Chn_BAuA,,
7,,,,,,HowAboutBeirut,35,https://www.youtube.com/channel/UChhGJONwU_9ODfq5oy1dUaQ,,
8,,,,,,Zee Music Company,30,https://www.youtube.com/channel/UCFFbwnve3yF62-tVXkTyHqg,,
9,,,,,,Passenger Paramvir,27,https://www.youtube.com/channel/UCK2_PiPOB0VEZfbbaHj-z5w,,
10,,,,,,Movieclips,25,https://www.youtube.com/channel/UC3gNmTGu-TTbFPpfSs5kNkg,,
11,,,,,,Sony Music India,23,https://www.youtube.com/channel/UC56gTxNs4f9xZ7Pa2i5xNzg,,
12,,,,,,World Affairs by Unacademy,22,https://www.youtube.com/channel/UCCJsQKOKArvDksacfT2ryQw,,
13,,,,,,SuperHit Gaane,19,https://www.youtube.com/channel/UCfkRsx0z8reL_MOqEoEqj9Q,,
14,,,,,,cricket.com.au,18,https://www.youtube.com/channel/UCkBY0aHJP9BwjZLDYxAQrKg,,
15,,,,,,Daily Dose Of Internet,17,https://www.youtube.com/channel/UCdC0An4ZPNr_YiFiYoVbwaw,,
16,,,,,,ICC,16,https://www.youtube.com/channel/UCt2JXOLNxqry7B_4rRZME3Q,,
17,,,,,,Khan GS Research Centre,15,https://www.youtube.com/channel/UCatL-c6pmnjzEOHSyjn-sHA,,
18,,,,,,England &amp; Wales Cricket Board,15,https://www.youtube.com/channel/UCz1D0n02BR3t51KuBOPmfTQ,,
19,,,,,,CodeHelp - by Babbar,15,https://www.youtube.com/channel/UCldyi11QYNXYXiLjVbyw5dA,,
20,,,,,,Dhruv Rathee Vlogs,14,https://www.youtube.com/channel/UCjNgqJ_FMLntYVzq7daw1TQ,,
21,,,,,,T-Series Bhakti Sagar,13,https://www.youtube.com/channel/UCaayLD9i5x4MmIoVZxXSv_g,,
22,,,,,,Monkey Magic,12,https://www.youtube.com/channel/UCbuj4kbjP05NLiWUbpSuBPw,,
23,,,,,,Zem TV,12,https://www.youtube.com/channel/UCs_ineLBnNTGjrArNzjSLZg,,
24,,,,,,Gaurav Kapoor,11,https://www.youtube.com/channel/UCeP5_FL11TnvXuvrFvALJyA,,
25,,,,,,Rajshri,11,https://www.youtube.com/channel/UCEKWXRsfUHkan-D_ljU8Asw,,
26,,,,,,Rajat chauhan,11,https://www.youtube.com/channel/UCxMDGaw3tMLHdH-ZUU4173A,,
27,,,,,,Jaspreet Singh,11,https://www.youtube.com/channel/UCmQCEVKEYpKxG8NwXnfIbCw,,
28,,,,,,SR PAY STORIES,11,https://www.youtube.com/channel/UCPGNioeYrJq4nyAt-DVIHZg,,
29,,,,,,Slayy Point,10,https://www.youtube.com/channel/UCtgGOdTlM-NdJ9rPKIYN8UQ,,
30,,,,,,take U forward,10,https://www.youtube.com/channel/UCJskGeByzRRSvmOyZOz61ig,,
31,,,,,,Technical Guruji,10,https://www.youtube.com/channel/UCOhHO2ICt0ti9KAh-QHvttQ,,
32,,,,,,Lord Huron,10,https://www.youtube.com/channel/UC48UiYdP4S_QuKZXSBcwawg,,
33,,,,,,Zach King Compilations,10,https://www.youtube.com/channel/UCiJUp_NBW2D_UMQIvq2nlPg,,
34,,,,,,The Tech Brothers,9,https://www.youtube.com/channel/UCzvRaprYPhvAplMK36Gu0kw,,
35,,,,,,@Khan Sir Patna,9,https://www.youtube.com/channel/UCL77mMHDQV_D2DixeqD1Tyg,,
36,,,,,,Sunday Bharat Vlogs,9,https://www.youtube.com/channel/UCIIltf5lw6Wx54TZCNa5gwg,,
37,,,,,,TaylorSwiftVEVO,8,https://www.youtube.com/channel/UCANLZYMidaCbLQFWXBC95Jg,,
38,,,,,,Apna College,8,https://www.youtube.com/channel/UCBwmMxybNva6P_5VmxjzwqA,,
39,,,,,,CarryMinati,8,https://www.youtube.com/channel/UCj22tfcQrWG7EMEKS0qLeEg,,
40,,,,,,Retro Hit Songs,8,https://www.youtube.com/channel/UC9sSpiRDz2T4EdaKLbB9VjQ,,
41,,,,,,Saregama Music,7,https://www.youtube.com/channel/UC_A7K2dXFsTMAciGmnNxy-Q,,
42,,,,,,Electronics Insight,7,https://www.youtube.com/channel/UCwx4ggqs96Q_ufsvKZd3T9Q,,
43,,,,,,Priyanshu Bharadwa,7,https://www.youtube.com/channel/UCQAhysX0EDrBMN2aGJIeHGg,,
44,,,,,,Safarnama with Meraj,7,https://www.youtube.com/channel/UCLLeXggszHOmiqyKTYwOp2Q,,
45,,,,,,SET India,7,https://www.youtube.com/channel/UCpEhnqL0y41EpW2TvWAHD7Q,,
46,,,,,,Lesics,7,https://www.youtube.com/channel/UCqZQJ4600a9wIfMPbYc60OQ,,
47,,,,,,Andrew Foy 앤디,7,https://www.youtube.com/channel/UCuNVQeVXwfwxVUKdrCQgk3A,,
48,,,,,,Goldmines Gaane Sune Ansune,7,https://www.youtube.com/channel/UCtW7qWjpCZ8zps-Cf2NF26w,,
49,,,,,,ThatWasEpic,7,https://www.youtube.com/channel/UCSrnmu3W6YXWU_85DKT5arg,,
50,,,,,,shiey,6,https://www.youtube.com/channel/UCpXwMqnXfJzazKS5fJ8nrVw,,
51,,,,,,Village Cooking Channel,6,https://www.youtube.com/channel/UCk3JZr7eS3pg5AGEvBdEvFg,,
52,,,,,,harisego,6,https://www.youtube.com/channel/UCQ66z_au9-ufIbybuqexxKw,,
53,,,,,,Zach King,6,https://www.youtube.com/channel/UCq8DICunczvLuJJq414110A,,
54,,,,,,Anshuman Sharma,6,https://www.youtube.com/channel/UCBqvATpjSubtNxpqUDj4_cA,,
55,,,,,,Ed Sheeran,6,https://www.youtube.com/channel/UC0C-w0YjGpqDXGB8IHb662A,,
56,,,,,,Narasimhamurthy K. C. [VU3DWF],6,https://www.youtube.com/channel/UC3QOANfu8b9OeDRyUZnZM0w,,
57,,,,,,Motion - NV Sir,6,https://www.youtube.com/channel/UCVUjsfIErUfWI57ep1L7B6Q,,
58,,,,,,Trophy Reacts,6,https://www.youtube.com/channel/UCXS8sSbgFI3BnRx2bDvCGug,,
59,,,,,,밀키복이탄이MilkyBokiTan,5,https://www.youtube.com/channel/UCP1CQH2PVJv4-glNTuVJl3g,,
60,,,,,,Gaane Naye Purane,5,https://www.youtube.com/channel/UCZdugX2AUbCBe_qs5OScKAQ,,
61,,,,,,Unacademy Accelerate,5,https://www.youtube.com/channel/UCAuzWUDsz28MDsv2yUgkuCw,,
62,,,,,,Karan Nawani,5,https://www.youtube.com/channel/UCWNfGTMI1JHmvRbz15x6nEw,,
63,,,,,,ALL ABOUT ELECTRONICS,5,https://www.youtube.com/channel/UCBkOVp1Cqz4MR0LYR8vKpZg,,
64,,,,,,Outdoor Boys,5,https://www.youtube.com/channel/UCfpCQ89W9wjkHc8J_6eTbBg,,
65,,,,,,Music Travel Love,5,https://www.youtube.com/channel/UCLxAS02eWvfZK4icRNzWD_g,,
66,,,,,,Windies Cricket,5,https://www.youtube.com/channel/UC2MHTOXktfTK26aDKyQs3cQ,,
67,,,,,,mycodeschool,5,https://www.youtube.com/channel/UClEEsT7DkdVO_fkrBw0OTrA,,
68,,,,,,Star Sports,5,https://www.youtube.com/channel/UCmqfX0S3x0I3uwLkPdpX03w,,
69,,,,,,AvenueM,5,https://www.youtube.com/channel/UChNXwg5mrBWQDxdG9lp6zLA,,
70,,,,,,Joker Is ME,4,https://www.youtube.com/channel/UC1A6qwJmTY77-n_HqqLNUFw,,
71,,,,,,Love Babbar,4,https://www.youtube.com/channel/UCQHLxxBFrbfdrk1jF0moTpw,,
72,,,,,,Arpit Bala,4,https://www.youtube.com/channel/UCsDWHhhHhsBqSGm_v4I0qVQ,,
73,,,,,,Drishti IAS,4,https://www.youtube.com/channel/UCzLqOSZPtUKrmSEnlH4LAvw,,
74,,,,,,Theory_of_Physics by Er. Anubhav_Shrivastava,4,https://www.youtube.com/channel/UCSrwhbt5DQZgTRnlPZ7EwXw,,
75,,,,,,Tips Official,4,https://www.youtube.com/channel/UCJrDMFOdv1I2k8n9oK_V21w,,
76,,,,,,Coding With T,4,https://www.youtube.com/channel/UCnKhcV7frITmrYbIU5MrMZw,,
77,,,,,,Dharma Productions,4,https://www.youtube.com/channel/UCKQKIY2YlI4L5QVg7hhfjrQ,,
78,,,,,,अंतरिक्ष TV,4,https://www.youtube.com/channel/UCZ1OsbnPa1RX6rl9NWlRTOg,,
79,,,,,,Mumbiker Nikhil,4,https://www.youtube.com/channel/UCNn6AaHharXIbkRleXGboiQ,,
80,,,,,,Vikas Divyakirti,4,https://www.youtube.com/channel/UCkrtAaoos4rxt2cw2CIBjuA,,
81,,,,,,Zee Music Devotional,4,https://www.youtube.com/channel/UCAxc94GxnW6mi1ACG_gElIQ,,
82,,,,,,Netflix,4,https://www.youtube.com/channel/UCWOA1ZGywLbqmigxE4Qlvuw,,
83,,,,,,Rakib Sultan Music,4,https://www.youtube.com/channel/UCLmnRaMcK17v0j1i_9No-ZQ,,
84,,,,,,SocioCatastropheTV,4,https://www.youtube.com/channel/UCZIG40L2LjIvcOrc-0yUr1A,,
85,,,,,,First Principles of Computer Vision,4,https://www.youtube.com/channel/UCf0WB91t8Ky6AuYcQV0CcLw,,
86,,,,,,Prime Video India,3,https://www.youtube.com/channel/UC4zWG9LccdWGUlF77LZ8toA,,
87,,,,,,Sri Lanka Cricket,3,https://www.youtube.com/channel/UCJA-NQ4MtcRIog66wziD8fA,,
88,,,,,,Last moment tuitions,3,https://www.youtube.com/channel/UCGFNZxMqKLsqWERX_N2f08Q,,
89,,,,,,Lakshay Chaudhary,3,https://www.youtube.com/channel/UCw-MAyENxFQmVTOLwlg9YkA,,
90,,,,,,NeetCode,3,https://www.youtube.com/channel/UC_mYaQAE6-71rjSN6CeCA-g,,
91,,,,,,Chhotu Shikari Official,3,https://www.youtube.com/channel/UClXPLxleq-pTUsmzZnjcU-A,,
92,,,,,,Bollywood Classics,3,https://www.youtube.com/channel/UCZ_OLiS7DkyCg89eV_qQMoQ,,
93,,,,,,Wheels On The Bus - Hindi Songs,3,https://www.youtube.com/channel/UCoqqwkxHzr2JJLcfmbyJYrw,,
94,,,,,,Cricket Heroes,3,https://www.youtube.com/channel/UCIw95pcLsnuBMW1nwnefFEg,,
95,,,,,,Saddam Hossain,3,https://www.youtube.com/channel/UClAxwlptNEzwAyj99J_3qLQ,,
96,,,,,,Paramount Pictures,3,https://www.youtube.com/channel/UCF9imwPMSGz4Vq1NiTWCC7g,,
97,,,,,,The Knowledge,3,https://www.youtube.com/channel/UCENLJimUiMr6Lo0shZ1Vq_A,,
98,,,,,,Bollywood Classic Hits,3,https://www.youtube.com/channel/UCcOXMFj-H8IUezqIVMb-f2A,,
99,,,,,,Aakash Gupta,3,https://www.youtube.com/channel/UCAYum5hCyfkSH5T3vSD_kwQ,,
100,,,,,,ECHOPHONIX LIVE !,3,https://www.youtube.com/channel/UCczcbZkOtH4BCa-YaBMC4Aw,,
101,,,,,,Mirchi Murga,3,https://www.youtube.com/channel/UCiymGrMPtIZHuVlChqjEW_Q,,
102,,,,,,Raunaq Rajani,3,https://www.youtube.com/channel/UC6E6CgKiRlUxwmEW1Sd9_vQ,,
103,,,,,,Code Eater,3,https://www.youtube.com/channel/UCkSQ_IQHqzygX0gGr7-SRwg,,
104,,,,,,Shemaroo Filmi Gaane,3,https://www.youtube.com/channel/UCP6uH_XlsxrXwZQ4DlqbqPg,,
105,,,,,,Brennan Rogers,3,https://www.youtube.com/channel/UC4xHcg7a7hMoHgXerjRKiyA,,
106,,,,,,Omar Raja - ESPN,3,https://www.youtube.com/channel/UCx18ywTcohtS9lpNXt8noWQ,,
107,,,,,,Radhika Sarraf,3,https://www.youtube.com/channel/UC0f1Qy0OBBZ-jaOucfeoy_Q,,
108,,,,,,Simplilearn,3,https://www.youtube.com/channel/UCsvqVGtbbyHaMoevxPAq9Fg,,
109,,,,,,Netflix India,3,https://www.youtube.com/channel/UCZSNzBgFub_WWil6TOTYwAg,,
110,,,,,,CricketCloud,3,https://www.youtube.com/channel/UC9l5bbc-S94CfORkfZXBQIg,,
111,,,,,,The Daily Dropout,3,https://www.youtube.com/channel/UCklSaeqb0wONcyEv44PV-iQ,,
112,,,,,,OneDirectionVEVO,3,https://www.youtube.com/channel/UCbW18JZRgko_mOGm5er8Yzg,,
113,,,,,,Kush Plays,3,https://www.youtube.com/channel/UCfQJCK7bAGYMqxhAloofOTw,,
114,,,,,,Marvel Entertainment,3,https://www.youtube.com/channel/UCvC4D8onUfXzvjTOM-dBfEA,,
115,,,,,,Officiallysane - Mohammed Hussain,3,https://www.youtube.com/channel/UCVktqSNarH5T2zUUpcyABcA,,
116,,,,,,Ravi Gupta,3,https://www.youtube.com/channel/UCyGR5vfdIzNj6VRY13nzO-g,,
117,,,,,,BLACKPINK,3,https://www.youtube.com/channel/UCOmHUn--16B90oW2L6FRR3A,,
118,,,,,,EECE412_online,3,https://www.youtube.com/channel/UCpoaOrFGo1-ZvIn2_a82RDw,,
119,,,,,,Amit Das 2,3,https://www.youtube.com/channel/UC4GW5WspUxQi9QsU-6doyng,,
120,,,,,,PUBLICVEVO,3,https://www.youtube.com/channel/UCRRSD6HTnqBxaPyRmp9g7EA,,
121,,,,,,Elliot James Reay,3,https://www.youtube.com/channel/UCjRY3LMCmrP6zdsW-Du1WxA,,
122,,,,,,5 Minutes Engineering,3,https://www.youtube.com/channel/UCyHta2dyCTkf29AB67AYn7A,,
123,,,,,,T-Series Bollywood Classics,3,https://www.youtube.com/channel/UCRm96I5kmb_iGFofE5N691w,,
124,,,,,,Funny Vines,3,https://www.youtube.com/channel/UCn2WuLhvfQL5YjxbOELgfqA,,
125,,,,,,Ishtar Music,3,https://www.youtube.com/channel/UCWi_65E_L8tQZ34C6wVAlpQ,,
126,,,,,,Jingle Toons,3,https://www.youtube.com/channel/UCK9F8nycURBsR0YlrBsu1Ag,,
127,,,,,,Speed Records,3,https://www.youtube.com/channel/UCOsyDsO5tIt-VZ1iwjdQmew,,
128,,,,,,New West,3,https://www.youtube.com/channel/UCO6OtN39Z032lqFanHOABcQ,,
129,,,,,,ANIL CHAUHAN KARAOKE,3,https://www.youtube.com/channel/UCsi4QwYvZDpnzEy2ug-4AtQ,,
130,,,,,,Passenger,3,https://www.youtube.com/channel/UCFHtCB_FWXQ8GpjgfYcD8-g,,
131,,,,,,Khan Academy India - English,2,https://www.youtube.com/channel/UCg4BkaHyyE_4-RvEMJ2PTtA,,
132,,,,,,Mewing Guru,2,https://www.youtube.com/channel/UCoKku6CNsss6-Rj-iRs4A9A,,
133,,,,,,RK Physics Point,2,https://www.youtube.com/channel/UCFtJyYqoMG7h9yRgltyuEUw,,
134,,,,,,Mrs Downey,2,https://www.youtube.com/channel/UCnsWd9r3Wsn7uFb95VzVkdQ,,
135,,,,,,Proximity,2,https://www.youtube.com/channel/UC3ifTl5zKiCAhHIBQYcaTeg,,
136,,,,,,LEARN THOUGHT,2,https://www.youtube.com/channel/UCTkGzqsJ0LKbfrIXB9U0V8g,,
137,,,,,,Sid Academy,2,https://www.youtube.com/channel/UCFJqXynINKyJQ798090vmyQ,,
138,,,,,,Patrick Mercier,2,https://www.youtube.com/channel/UCpqkFvXUx4YUfx_LE8VCwZw,,
139,,,,,,The Viral Fever,2,https://www.youtube.com/channel/UCNJcSUSzUeFm8W9P7UUlSeQ,,
140,,,,,,Colors Cineplex,2,https://www.youtube.com/channel/UCYnMzKK6hcpnlRCxGnPwk6Q,,
141,,,,,,harshlikhariofficial2007,2,https://www.youtube.com/channel/UCgzEBjTP7ZS7TTdpmy-hy8A,,
142,,,,,,Voot,2,https://www.youtube.com/channel/UCFHhFwEdsLs2wuvh1YdChHw,,
143,,,,,,OneRepublicVEVO,2,https://www.youtube.com/channel/UCQ5kHOKpF3-1_UCKaqXARRg,,
144,,,,,,HD Film Tributes,2,https://www.youtube.com/channel/UCK6cr8UqdrKZ4213X-FOStQ,,
145,,,,,,All About Nutrition,2,https://www.youtube.com/channel/UCLBRUKmsxn76xnlyHDQx-rA,,
146,,,,,,RYSE Supplements,2,https://www.youtube.com/channel/UCh1kM__T80lKujFEjQ1voBg,,
147,,,,,,Zack D. Films,2,https://www.youtube.com/channel/UCvz84_Q0BbvZThy75mbd-Dg,,
148,,,,,,CarryisLive,2,https://www.youtube.com/channel/UC0IWRLai-BAwci_e9MylNGw,,
149,,,,,,Sahil Khanna,2,https://www.youtube.com/channel/UC_s0g4QdprLkyyN2MDpef7Q,,
150,,,,,,Mian Hassan Aslam,2,https://www.youtube.com/channel/UCd4z62-wp_o104sCPpG2GUQ,,
151,,,,,,Techniqued,2,https://www.youtube.com/channel/UCju1iuBcl-Jb_di_KQ7CyRg,,
152,,,,,,The Frringo,2,https://www.youtube.com/channel/UCnhiu3auDOyRfueiYPDqkBw,,
153,,,,,,Screen Bites,2,https://www.youtube.com/channel/UCB4VaK5rjEZb5rfU-nptTvw,,
154,,,,,,Public Prank,2,https://www.youtube.com/channel/UCMBw7l_-Ws8aIJ5lQgkq8gA,,
155,,,,,,Rumble Viral,2,https://www.youtube.com/channel/UCW3T8dQVEynwj6-_DArcM7w,,
156,,,,,,Manoj MVR,2,https://www.youtube.com/channel/UCJgcEJSRYyKi4hw_jE8sCNA,,
157,,,,,,Dr. Shamsa,2,https://www.youtube.com/channel/UCz_0CfWHGej_ys9mdFfkNAw,,
158,,,,,,HoHo Entertainment,2,https://www.youtube.com/channel/UCwA6M1PmpghJCJaq0GbsikA,,
159,,,,,,Eduphile,2,https://www.youtube.com/channel/UC-WnK7if_o95z_b6tHDrcdQ,,
160,,,,,,Jenny&#39;s Lectures CS IT,2,https://www.youtube.com/channel/UCM-yUTYGmrNvKOCcAl21g3w,,
161,,,,,,TutorialsSpace- Er. Deepak Garg,2,https://www.youtube.com/channel/UCrprNXMB5xtEt9QfizFa92Q,,
162,,,,,,Gravity Transformation - Fat Loss Experts,2,https://www.youtube.com/channel/UC0CRYvGlWGlsGxBNgvkUbAg,,
163,,,,,,Ritu Kapur Classes,2,https://www.youtube.com/channel/UCA0bB5SelzsQ90JQlju3dlg,,
164,,,,,,IEEE Symposium on Security and Privacy,2,https://www.youtube.com/channel/UC6pXMS7qre9GZW7A7FVM90Q,,
165,,,,,,Speech on success,2,https://www.youtube.com/channel/UCmEDdYsBjM0LkYWojQ8QN4A,,
166,,,,,,Vox,2,https://www.youtube.com/channel/UCLXo7UDZvByw2ixzpQCufnA,,
167,,,,,,ComicVerse,2,https://www.youtube.com/channel/UCKQ5Jj35sjTmJigRtlCPhVQ,,
168,,,,,,Premsagar Cricket Lover,2,https://www.youtube.com/channel/UCQkKoZI-4EQ1iLac0IQ3W-g,,
169,,,,,,Neeraj Walia,2,https://www.youtube.com/channel/UCrmsp2voP5agAXWHvEPvxsg,,
170,,,,,,Subhash Sheoran,2,https://www.youtube.com/channel/UCO-4-yAsMYsb6uIx08c6QoQ,,
171,,,,,,Mumbai Indians,2,https://www.youtube.com/channel/UCl23mvQ3321L7zO6JyzhVmg,,
172,,,,,,WaterTower Music,2,https://www.youtube.com/channel/UCGkQCAeRjyP9BpNwVFMaJaw,,
173,,,,,,Vipul Goyal,2,https://www.youtube.com/channel/UCvLcuNVAb5sKRu7sHuFT0vQ,,
174,,,,,,Eros Now Music,2,https://www.youtube.com/channel/UCX52tYZiEh_mHoFja3Veciw,,
175,,,,,,The Dollar Theater,2,https://www.youtube.com/channel/UCFR6sruqEq52xEqjE84tq4A,,
176,,,,,,Foosie Gang,2,https://www.youtube.com/channel/UC7QafZXvSBCUOtBt_-B3A2Q,,
177,,,,,,Ultra Bollywood,2,https://www.youtube.com/channel/UCmL1WlDI8UkXDXCXcBQN9CA,,
178,,,,,,Shawn C,2,https://www.youtube.com/channel/UCQLEPbkEmwz4mABAV-kzQTQ,,
179,,,,,,Being Suku,2,https://www.youtube.com/channel/UC1cvJI4SJeaA8MbNOWqGFmg,,
180,,,,,,HeyFlutter․com,2,https://www.youtube.com/channel/UC0FD2apauvegCcsvqIBceLA,,
181,,,,,,Coding Owl,2,https://www.youtube.com/channel/UCReEj3kltY1Mx0USNcLwuwA,,
182,,,,,,The Dodo,2,https://www.youtube.com/channel/UCINb0wqPz-A0dV9nARjJlOQ,,
183,,,,,,Andre Hardiansyah,2,https://www.youtube.com/channel/UCxQDg4qiX8ViCfHNf7kBtnA,,
184,,,,,,CodingxTalk,2,https://www.youtube.com/channel/UCBo79SB1O3azUXjYJyDDRdg,,
185,,,,,,Robotics in a Nutshell,2,https://www.youtube.com/channel/UCScUOtAIzyzBDR5CdIUeZDQ,,
186,,,,,,LumineersVEVO,2,https://www.youtube.com/channel/UCxjbV_Qr9gByQm1r8FV5FCA,,
187,,,,,,NZC,2,https://www.youtube.com/channel/UCuKowzPg2-A0FcmyPa3yWug,,
188,,,,,,e4chip,2,https://www.youtube.com/channel/UCVLWk3jc-IOipA0Numk_D2g,,
189,,,,,,Jasmine Nadya,2,https://www.youtube.com/channel/UCGrueMqHpQGWyy_oRzR0nCQ,,
190,,,,,,GEEKrar,2,https://www.youtube.com/channel/UC8nPzCD2eVsW_XRxFUpHsyg,,
191,,,,,,James Bond 007,2,https://www.youtube.com/channel/UCwTkM6CvIsYFaFiMKIKCqHw,,
192,,,,,,Daily Jay,2,https://www.youtube.com/channel/UCPvWKp0EGEk6933XXdF8h_A,,
193,,,,,,Bonku,2,https://www.youtube.com/channel/UCqVh-bqh0u3j8Zvb4_j9FUA,,
194,,,,,,Old Macdonald Kids Hindi Rhymes,2,https://www.youtube.com/channel/UCLKzPITaV6T065j_3gxiPZw,,
195,,,,,,Prafulla Creations,2,https://www.youtube.com/channel/UCRomi25vahAAwHG4hf_WRkg,,
196,,,,,,Cigarettes After Sex,2,https://www.youtube.com/channel/UCqNxhPZoLJ81i5QaK4nqn8A,,
197,,,,,,NDL,2,https://www.youtube.com/channel/UC9K44RtwiROAwCpALm1wdyQ,,
198,,,,,,RUN-UP RECORDS,2,https://www.youtube.com/channel/UCsaXTlOmt0o9aGeC_n_r8VQ,,
199,,,,,,Solo Travel Journal,2,https://www.youtube.com/channel/UCyuKYrnJguCQZ_0FRUU50zw,,
200,,,,,,Abhishek Upmanyu,2,https://www.youtube.com/channel/UC4muYPMCSYigqIwRjVWkQ2Q,,
201,,,,,,Mega Moments,2,https://www.youtube.com/channel/UCPt5dZyfOicIlsqWqFpipGg,,
202,,,,,,Ryan Shirley,2,https://www.youtube.com/channel/UCpbClyFMuJQJJH7skfiVeQg,,
203,,,,,,Marvin Matyka,2,https://www.youtube.com/channel/UCBzKaHDTUJjUIl81f1Ua3PA,,
204,,,,,,8K Xplore,2,https://www.youtube.com/channel/UChsUcO0qb-McQkv0sUaxnRw,,
205,,,,,,edureka!,2,https://www.youtube.com/channel/UCkw4JCwteGrDHIsyIIKo4tQ,,
206,,,,,,Knowledge Amplifier,2,https://www.youtube.com/channel/UCLAvd_eAgG651taJPdKxD1A,,
207,,,,,,Salman Khan,2,https://www.youtube.com/channel/UCJJ72ZXSDbom7oVkvIkp9Tw,,
208,,,,,,Pranit More,2,https://www.youtube.com/channel/UCBpYhz2nYLWulLJTTJ9cqsA,,
209,,,,,,Isaias Cuvula,2,https://www.youtube.com/channel/UChCgMnyGKOgEGDvubbjjr6A,,
210,,,,,,BB Ki Vines,2,https://www.youtube.com/channel/UCqwUrj10mAEsqezcItqvwEw,,
211,,,,,,Mr. Faisu,2,https://www.youtube.com/channel/UCEV_GHwi7peBzCYq6P4NoIg,,
212,,,,,,Tuvok12,2,https://www.youtube.com/channel/UCeJQ-3Bs7AAN5m8HUbHG4-g,,
213,,,,,,Kishore Kumar Hit Songs,2,https://www.youtube.com/channel/UCpxeKxLhvpSFBSQ0t_ryXAQ,,
214,,,,,,Arishfa Khan,2,https://www.youtube.com/channel/UC1U8GdEx7RGpx0lHHelLTMQ,,
215,,,,,,Aanchal Agrawal @awwwnchal,2,https://www.youtube.com/channel/UC2XbORWYRz-VjYvhXBLAxpQ,,
216,,,,,,Studio33Guitar,2,https://www.youtube.com/channel/UCSef6897dNLTtC99y5G1T5w,,
217,,,,,,Tanishq Harjani,2,https://www.youtube.com/channel/UCKx22Lw7W0bNHXPLBzgiaJw,,
218,,,,,,Harsh gujral,2,https://www.youtube.com/channel/UCGmhWgV9bmslB0Levatl6qA,,
219,,,,,,Hannah D,2,https://www.youtube.com/channel/UC5BfD-Xxf39ctOcqCKJ6-Eg,,
220,,,,,,Marcin,2,https://www.youtube.com/channel/UCZiGGE0e0DctISlShAILbjQ,,
221,,,,,,Nitish Rajput,2,https://www.youtube.com/channel/UC6WzPg6yxF9dQx2_O6R4lww,,
222,,,,,,R Cricket,2,https://www.youtube.com/channel/UCPr-H2x9AW-kPmc3G2uKPCw,,
223,,,,,,Mai Supreme Raina Hoon,2,https://www.youtube.com/channel/UCA5NxbSrrQuKQaD_1PYnkXg,,
224,,,,,,Science and fun,2,https://www.youtube.com/channel/UCACU6FM4RgOgX0IHB7dudFA,,
225,,,,,,Business Insider,2,https://www.youtube.com/channel/UCcyq283he07B7_KUX07mmtA,,
226,,,,,,letrastop,2,https://www.youtube.com/channel/UCoMQwyfMhbPhG7e7gmtgmOw,,
227,,,,,,Music Fever,2,https://www.youtube.com/channel/UCzWpr2KH7P7MFLfIfcSFJzA,,
228,,,,,,neo,2,https://www.youtube.com/channel/UCtYKe7-XbaDjpUwcU5x0bLg,,
229,,,,,,sacredverses,2,https://www.youtube.com/channel/UCV0DVncZjaudmyfZRrLZXVg,,
230,,,,,,TomOdellVEVO,2,https://www.youtube.com/channel/UCDxabaoNKAm4ufDv5ktM9mw,,
231,,,,,,B 4 YOU KARAOKE,2,https://www.youtube.com/channel/UCGr2gYe4VPt6sX6KdRN0NmA,,
232,,,,,,CampCodes,2,https://www.youtube.com/channel/UCsFgC9ggwrmYR2XqEHXpbNg,,
233,,,,,,Lord&#39;s Cricket Ground,2,https://www.youtube.com/channel/UC4dzcboWxiDQokrppUz0ZhA,,
234,,,,,,Desi Megamind 2.0,2,https://www.youtube.com/channel/UCci06MJmjz3_ZNguPBNmY3w,,
235,,,,,,Michael Blaustein,2,https://www.youtube.com/channel/UCRa3vKZ7BG0Dcv4t_add-KQ,,
236,,,,,,Whiteboard Crypto,2,https://www.youtube.com/channel/UCsYYksPHiGqXHPoHI-fm5sg,,
237,,,,,,TITANIC GAMER,2,https://www.youtube.com/channel/UC05HSxpQ32WKINbuKU-Bvzg,,
238,,,,,,Australian Open TV,2,https://www.youtube.com/channel/UCeTKJSW1NTAkf27nNmjWt5A,,
239,,,,,,Canadian Space Agency,2,https://www.youtube.com/channel/UCdNtqpHlU1pCaVy2wlzxHKQ,,
240,,,,,,Dinesh Kumar,2,https://www.youtube.com/channel/UC_mPV-XLcNrA-Csxp_dME7w,,
241,,,,,,Jeremy Ethier,2,https://www.youtube.com/channel/UCERm5yFZ1SptUEU4wZ2vJvw,,
242,,,,,,Fox Cricket,2,https://www.youtube.com/channel/UCOkT6dccQ1vsnMFK1xJanmA,,
243,,,,,,Shemaroo,2,https://www.youtube.com/channel/UCF1JIbMUs6uqoZEY1Haw0GQ,,
244,,,,,,Learn with Jaspal,1,https://www.youtube.com/channel/UCU5eV0c0SE0TMXrV8P94jAQ,,
245,,,,,,bodybuildbeast,1,https://www.youtube.com/channel/UCoxu3GvWX0VQiw3F39Sodtg,,
246,,,,,,CODE4EDUCATION,1,https://www.youtube.com/channel/UCYiTHrv4kzJjbqspWPmONUg,,
247,,,,,,techTFQ,1,https://www.youtube.com/channel/UCnz-ZXXER4jOvuED5trXfEA,,
248,,,,,,melodysheep,1,https://www.youtube.com/channel/UCR9sFzaG9Ia_kXJhfxtFMBA,,
249,,,,,,CodeWithHarry,1,https://www.youtube.com/channel/UCeVMnSShP_Iviwkknt83cww,,
250,,,,,,Bodybuilding Insider,1,https://www.youtube.com/channel/UC8ZKXnTpl06oSQAtPm07cCw,,
251,,,,,,T Sports,1,https://www.youtube.com/channel/UC2t9imwIR7xlDfma3CmRKJQ,,
252,,,,,,Ben Beholz,1,https://www.youtube.com/channel/UC12Xw--cF_SNbAlb6FhlcOA,,
253,,,,,,RIGI,1,https://www.youtube.com/channel/UC5CuYrRHt2hzkcwaYQHltxw,,
254,,,,,,Cosden Solutions,1,https://www.youtube.com/channel/UCrL69sErRwEyr7_p0qVCkOQ,,
255,,,,,,Eminem Lyrics,1,https://www.youtube.com/channel/UCEwO2bs7cQQ15xlBDJm8uIQ,,
256,,,,,,Arka Sen,1,https://www.youtube.com/channel/UC4I7fo-tTHZybPto56pMu9Q,,
257,,,,,,SiX7O,1,https://www.youtube.com/channel/UClxYMvx9kjoA4rUQDi2pvBQ,,
258,,,,,,Satish Lalwani Karaoke,1,https://www.youtube.com/channel/UCRazEG1A01snSkGV_AJHE_g,,
259,,,,,,Gorakh Bista,1,https://www.youtube.com/channel/UCB1WPmHvw4jV8pEA6XwNF_A,,
260,,,,,,Code Step By Step,1,https://www.youtube.com/channel/UCvHX2bCZG2m9ddUhwxudKYA,,
261,,,,,,Trouble Aadmi ,1,https://www.youtube.com/channel/UC5dErM-IbwLW4w-mBnf4vSA,,
262,,,,,,Aditya Yadav,1,https://www.youtube.com/channel/UCqvEhp8hBY42rz27NTFztRQ,,
263,,,,,,Gamerboy Hexa,1,https://www.youtube.com/channel/UCGsnOMO9jwDEYGzmBgMxFvw,,
264,,,,,,@shraddha.ankur143,1,https://www.youtube.com/channel/UCSgv2r_SW5hEyi8yQnC_I0w,,
265,,,,,,Gaurav Singh,1,https://www.youtube.com/channel/UCPcNl_ujAu4Rc3QmQQH0iUQ,,
266,,,,,,Journey to Success ,1,https://www.youtube.com/channel/UC1D_9ALLQTKL_wKnoR_v_zQ,,
267,,,,,,Kiwa Memes,1,https://www.youtube.com/channel/UCPM4z5lialSf8Vx0xNSdWKg,,
268,,,,,,Jon Gupta,1,https://www.youtube.com/channel/UCwBJxmQQ3FNF6VGjC3l6GwA,,
269,,,,,,Om Swastik Music,1,https://www.youtube.com/channel/UC6NaGS3z19mc9rr6MIW9V5Q,,
270,,,,,,GoPro,1,https://www.youtube.com/channel/UCqhnX4jA0A5paNd1v-zEysw,,
271,,,,,,Vishal Dadlani - Topic,1,https://www.youtube.com/channel/UCe223VU7Yb2pRFxMpHUdCvA,,
272,,,,,,DesiSongsVIDEOS,1,https://www.youtube.com/channel/UCk8b1nDGCHjmzLES-Wk6n6g,,
273,,,,,,SuperSport,1,https://www.youtube.com/channel/UCZH6G3Z5XINU6r92QN1l5Lw,,
274,,,,,,LUCID Tube,1,https://www.youtube.com/channel/UCCzGt8uT__ZkCf4zh2TOdQw,,
275,,,,,,4K Piano Relaxing,1,https://www.youtube.com/channel/UC5VyOt5VlN7TWgXW7cU_Atw,,
276,,,,,,8D SOUNDS,1,https://www.youtube.com/channel/UC5TTLXzvhIDbHagriuBasVQ,,
277,,,,,,Cricket Videos HD,1,https://www.youtube.com/channel/UCNlUXdQTHpviKyd1Vm5V3eA,,
278,,,,,,Rushikesh Ghorpade,1,https://www.youtube.com/channel/UCq6GNZQJQ5Rpiu8Tq9uLCeA,,
279,,,,,,Dylan McKnight,1,https://www.youtube.com/channel/UCRWQco6IQJF17v_lVEi7_8Q,,
280,,,,,,Cricket Entertainment,1,https://www.youtube.com/channel/UC48exciWxIfw0mO1yZ7U0tQ,,
281,,,,,,Super Cricket,1,https://www.youtube.com/channel/UCsDiGOSftR5pe9IPukIgcxA,,
282,,,,,,Shulk,1,https://www.youtube.com/channel/UCenRMCEExYDXZrfqDn6uRhw,,
283,,,,,,Times of Cricket HD,1,https://www.youtube.com/channel/UCP6pxzyYXORrpKVA7Xiw1tQ,,
284,,,,,,SD NO1 Vlogs ,1,https://www.youtube.com/channel/UChlfRhMyXjloyq4A5Ohjs4A,,
285,,,,,,Pagyn Tube,1,https://www.youtube.com/channel/UCunWw39707vzqjI6eJ-hGwA,,
286,,,,,,S2 Sports Network,1,https://www.youtube.com/channel/UC7e5U6vesD8YDsjDDH15UIQ,,
287,,,,,,Nagraj,1,https://www.youtube.com/channel/UCn-jrszZgMVaOwcRatPv25w,,
288,,,,,,IIT Jodhpur,1,https://www.youtube.com/channel/UCFfCylvEDIB1IH4GaRVRyLA,,
289,,,,,,KM PUNK,1,https://www.youtube.com/channel/UCJkMa25_J1VeUITBSuy05Lw,,
290,,,,,,Funniest Griffin,1,https://www.youtube.com/channel/UC-oH11RsmOyuWwh4k6uqqWg,,
291,,,,,,Digital 2 Sports,1,https://www.youtube.com/channel/UCmhmKcSIi9DmpGV4qSt0Rlw,,
292,,,,,,Athlete World,1,https://www.youtube.com/channel/UC16fbAGWo_kHQzop-I4gsBQ,,
293,,,,,,Louis Rossmann,1,https://www.youtube.com/channel/UCl2mFZoRqjw_ELax4Yisf6w,,
294,,,,,,Atharv Shorts,1,https://www.youtube.com/channel/UCVHpKrAgeI6SFmwH0ENx2Hw,,
295,,,,,,Beauty Pageants,1,https://www.youtube.com/channel/UCg0BZXZm905Jr8g3S05XPIw,,
296,,,,,,Ronnie Coleman,1,https://www.youtube.com/channel/UCly3G2YO3O0Bu3IA8c6WiqQ,,
297,,,,,,The Sigma Fitness,1,https://www.youtube.com/channel/UCFbdxs574Yjqdb619dFxnYQ,,
298,,,,,,Dylan Anderson,1,https://www.youtube.com/channel/UCpuT8AlP9P9EgW_pZ0_xInQ,,
299,,,,,,Vanvz1020,1,https://www.youtube.com/channel/UCaRt1F4KStOpv4ubiWWrU4g,,
300,,,,,,Taylor LaBrier,1,https://www.youtube.com/channel/UCJ9GEhPK59dUoG4-O-2ukpQ,,
301,,,,,,Michael Bublé,1,https://www.youtube.com/channel/UCHqQruhGENdmWy_oeH1f8QA,,
302,,,,,,Zane Holmes,1,https://www.youtube.com/channel/UCW0uUK8fvL5-lkiBoNqHk3Q,,
303,,,,,,Nas Daily,1,https://www.youtube.com/channel/UCJsUvAqDzczYv2UpFmu4PcA,,
304,,,,,,Willow TV,1,https://www.youtube.com/channel/UC2V_LHwvaNS2XWZ5l8x3jLQ,,
305,,,,,,Tristan Saucedo,1,https://www.youtube.com/channel/UCYyAyOKRGAUAkZsTMHZc1lQ,,
306,,,,,,Lastly,1,https://www.youtube.com/channel/UCaqulpYbNFAr-BzezBLgTJA,,
307,,,,,,KKUBI STUDIO,1,https://www.youtube.com/channel/UCBWfn-wv65_skdt2UDyhfUw,,
308,,,,,,Shemaroo Bollygoogly,1,https://www.youtube.com/channel/UCyA7Ut9tuAHxxmRqrsu9HDQ,,
309,,,,,,TNZ,1,https://www.youtube.com/channel/UCOKicQTYVLbCO7bmxHH49kA,,
310,,,,,,Rajashri Junnarkar - Bhagawat,1,https://www.youtube.com/channel/UCeiAt_dBqcD5RhsYf21OMMg,,
311,,,,,,Nihal Halai,1,https://www.youtube.com/channel/UCYYdj9oFrTPs3kPWh_5U4MQ,,
312,,,,,,SourceCodester,1,https://www.youtube.com/channel/UCEHRo563wbV8JrRSdNajTvQ,,
313,,,,,,ANUJ TYAGI,1,https://www.youtube.com/channel/UChJ9NlaOUtBxNnNMuRtO9qQ,,
314,,,,,,Blast From The Past,1,https://www.youtube.com/channel/UCyNNkGQV1imlN0b8HgW2FTQ,,
315,,,,,,Super Satisfying,1,https://www.youtube.com/channel/UCdGQv-JmUwCJ6vFaN-faaAw,,
316,,,,,,National Biography Channel,1,https://www.youtube.com/channel/UCIRQPBPjQ_nh-wVnU8yiO0g,,
317,,,,,,YTLaugh,1,https://www.youtube.com/channel/UC3_jPpyZfFmYGPXSt2xUGIw,,
318,,,,,,iWannaBurnFat,1,https://www.youtube.com/channel/UCtkoco7VuDxFgrR6i5-_CkA,,
319,,,,,,BBC News,1,https://www.youtube.com/channel/UC16niRr50-MSBwiO3YDb3RA,,
320,,,,,,CrazyTalented,1,https://www.youtube.com/channel/UChzW5ncyrNANz9UURxBDffA,,
321,,,,,,The Local Train,1,https://www.youtube.com/channel/UCTzjnbxgPIHYD0_qDBvNOSQ,,
322,,,,,,RAMIZ IN THE WILD,1,https://www.youtube.com/channel/UC7qSod_euU2efht8DskPE8Q,,
323,,,,,,Krishnansh Sharma,1,https://www.youtube.com/channel/UCZe4lQxEaOZa525JpTohKGA,,
324,,,,,,Yatinder Singh,1,https://www.youtube.com/channel/UC12K7FCbzFG5BOMJrHn-sog,,
325,,,,,,Hussain Humdani,1,https://www.youtube.com/channel/UCnxCOiqeChsXMAOmBFk_Yaw,,
326,,,,,,brockfit__,1,https://www.youtube.com/channel/UCt64vw-mR-wcpuKt43NTbeA,,
327,,,,,,IIT KANPUR-NPTEL,1,https://www.youtube.com/channel/UCwCunw0e4YQmmuwPEF7-VsA,,
328,,,,,,PHYSICS FREAK,1,https://www.youtube.com/channel/UC3Gqj1A8WoCYroCY_xWF9lQ,,
329,,,,,,GDS K S,1,https://www.youtube.com/channel/UCZ0okx4mh4_UfzA95YiAPDA,,
330,,,,,,Mentour Pilot,1,https://www.youtube.com/channel/UCwpHKudUkP5tNgmMdexB3ow,,
331,,,,,,National Geographic UK,1,https://www.youtube.com/channel/UCVoT8fZqVM44z6huWSaxUIQ,,
332,,,,,,DIVVELA SRINIVASA RAO,1,https://www.youtube.com/channel/UCORLeCUCDYj9eVhVdnf4pzg,,
333,,,,,,Anish Kandel,1,https://www.youtube.com/channel/UCXcUjEjq7K7O5DRoZsy6oRw,,
334,,,,,,Who Wants To Be A Millionaire?,1,https://www.youtube.com/channel/UCKSxNv7X_ewMbXgs134rCJA,,
335,,,,,,Barefoot Strength,1,https://www.youtube.com/channel/UC7VjnZDJlyMJHPVVpV1Pp3A,,
336,,,,,,CBS 42,1,https://www.youtube.com/channel/UCeR4TlbmojlqImgr-2SBkJQ,,
337,,,,,,MY Cricket Production,1,https://www.youtube.com/channel/UC07CHp5ikd-AyafR4J2LWkA,,
338,,,,,,Volvo Trucks,1,https://www.youtube.com/channel/UCkKEthtUQHmBqIYZTHyfXoA,,
339,,,,,,Can You Cricket,1,https://www.youtube.com/channel/UC7u82KEykq4txPEFoDrzS0w,,
340,,,,,,Prince Noob,1,https://www.youtube.com/channel/UCzSlFeyDeN5ZlwaHNoqigig,,
341,,,,,,Laughter life with azgar,1,https://www.youtube.com/channel/UCJnb9K8dzFqR6lsJqnBm5Xg,,
342,,,,,,Himbus,1,https://www.youtube.com/channel/UCgXNWT92k5aVFrItbheqYMg,,
343,,,,,,yarramsetty nagaraju,1,https://www.youtube.com/channel/UCwtZBA42hNY8y5eY6ps865w,,
344,,,,,,Anuj Chauhan Vlogs,1,https://www.youtube.com/channel/UCopNwa5tFXBOQtg2phJ22UA,,
345,,,,,,ATHLEAN-X™,1,https://www.youtube.com/channel/UCe0TLA0EsQbE-MjuHXevj2A,,
346,,,,,,Harsha Reddy,1,https://www.youtube.com/channel/UCYwwreWhJ6qXQFYQQGFutfQ,,
347,,,,,,NCFE - National Centre for Financial Education,1,https://www.youtube.com/channel/UCD-VVCGB8xZHP5jNz1GtVuA,,
348,,,,,,xkcdHatGuy,1,https://www.youtube.com/channel/UCmL8LXPRelVPIhKd1bMaPqQ,,
349,,,,,,Exotic Black TV ,1,https://www.youtube.com/channel/UC7YwgzP1sV37dCTFf9hDvhw,,
350,,,,,,Kurzgesagt – In a Nutshell,1,https://www.youtube.com/channel/UCsXVk37bltHxD1rDPwtNM8Q,,
351,,,,,,Dr. Subashini Jayakumar,1,https://www.youtube.com/channel/UCtvsK0kCFdzaj28USIeJV2Q,,
352,,,,,,CircuitBread,1,https://www.youtube.com/channel/UClKevSwDIU8NTyF2DAK0G0Q,,
353,,,,,,Sourav Bagchi,1,https://www.youtube.com/channel/UCxmJHwakmhtCVkndwUdh8fw,,
354,,,,,,Family Guy Moments,1,https://www.youtube.com/channel/UCE2rIaheODA4rwt7qT3SlEA,,
355,,,,,,sonsofmaxwell,1,https://www.youtube.com/channel/UCXV4alUKwDP9BYTEel1ftww,,
356,,,,,,Bisbo,1,https://www.youtube.com/channel/UCRS07TwUdb9hTnnX0r5CuxA,,
357,,,,,,The Code City,1,https://www.youtube.com/channel/UCMNM0n24Yn59OLQYPyd3hNA,,
358,,,,,,Zee News,1,https://www.youtube.com/channel/UCIvaYmXn910QMdemBG3v1pQ,,
359,,,,,,Linkeando,1,https://www.youtube.com/channel/UCPdvZc3NudQm1iJy_PzCGJg,,
360,,,,,,Rajat Sood,1,https://www.youtube.com/channel/UCfRxj2eDIc21mGQyZyEOlyg,,
361,,,,,,Cricket Raaz English,1,https://www.youtube.com/channel/UCUgYL0QlzHhDlRZ5Ln3uJ8Q,,
362,,,,,,Actress Real Clips HD,1,https://www.youtube.com/channel/UCq1gCd8jcVS6QKwjoMcw0HQ,,
363,,,,,,Virat Kohli TV,1,https://www.youtube.com/channel/UCdF7DdIgrklXGDL-DzcOLnQ,,
364,,,,,,Sooraj Ak,1,https://www.youtube.com/channel/UCcbzxL1fxPyZO_ikOdK35vw,,
365,,,,,,motivation factory,1,https://www.youtube.com/channel/UC9nO6ej_Mi1Sd84hGOceNqA,,
366,,,,,,Himalaya Premi,1,https://www.youtube.com/channel/UCnKiUNW306vvXFsaxtEcc7A,,
367,,,,,,News18 Punjab/Haryana/Himachal,1,https://www.youtube.com/channel/UC-crZTQNRzZgzyighTKF0nQ,,
368,,,,,,Everything Explained,1,https://www.youtube.com/channel/UCTrSOXmzhZVaIrWenKzh-og,,
369,,,,,,8D-Series,1,https://www.youtube.com/channel/UCKNgWbM_DV6x0L7sJL7aCKw,,
370,,,,,,Stanford University School of Engineering,1,https://www.youtube.com/channel/UCdKG2JnvPu6mY1NDXYFfN0g,,
371,,,,,,NDTV India,1,https://www.youtube.com/channel/UC9CYT9gSNLevX5ey2_6CK0Q,,
372,,,,,,Jkk Entertainment,1,https://www.youtube.com/channel/UC5tuYcCdiKuF5Y2ZonuarwA,,
373,,,,,,Mokso,1,https://www.youtube.com/channel/UCM3UR3fhPakeKa2LDwfao7w,,
374,,,,,,Pehchan Music,1,https://www.youtube.com/channel/UCBzRNetz7eOSqcAdNXhPZPA,,
375,,,,,,Mins Cricket,1,https://www.youtube.com/channel/UC990XEhlXt8T6iRTZKIu2Eg,,
376,,,,,,blackpenredpen,1,https://www.youtube.com/channel/UC_SvYP0k05UKiJ_2ndB02IA,,
377,,,,,,Technical Encoder,1,https://www.youtube.com/channel/UCVBIwtX6PLBeophp17VgjAQ,,
378,,,,,,Jio,1,https://www.youtube.com/channel/UC7x7gqeQQ5dazPAvDgC7TIw,,
379,,,,,,Codiengo,1,https://www.youtube.com/channel/UCFfy1F22GuwWk0xR4IiCxnw,,
380,,,,,,Cricket Fever,1,https://www.youtube.com/channel/UC-Y0P05DMvvuxb7fkf7kv-w,,
381,,,,,,Cricket Raaz Hindi,1,https://www.youtube.com/channel/UC9GcQb8qw35EZRNssgw7osw,,
382,,,,,,Legends League Cricket,1,https://www.youtube.com/channel/UC64at48rIDPKiFPKjPb9SBA,,
383,,,,,,Oggy Hindi - हिन्दी,1,https://www.youtube.com/channel/UC9TgvYNUsMBPl6J2xbL-4qg,,
384,,,,,,Zee Uttar Pradesh UttaraKhand,1,https://www.youtube.com/channel/UCWmwc3u2ikBG2Xfitc_26gg,,
385,,,,,,TN Visions ,1,https://www.youtube.com/channel/UCumLysMq9LtECgBvhnj97SA,,
386,,,,,,Red Chillies Entertainment,1,https://www.youtube.com/channel/UCjJKg01HAP01xCLVhDmnLhw,,
387,,,,,,Sing Dil Se,1,https://www.youtube.com/channel/UCuiGKc36Tj_3nWa1bRv4uCQ,,
388,,,,,,Paki CeLebs,1,https://www.youtube.com/channel/UCKVJGuNZaH5GE-k1ClvFWlA,,
389,,,,,,Aayu and Pihu Show,1,https://www.youtube.com/channel/UCFcBAGR0drI3F15EhMFjuTg,,
390,,,,,,FullonEnt,1,https://www.youtube.com/channel/UC_ivh36KIwUEX9J0vyL93Rg,,
391,,,,,,Dark &amp; Bright Tunes,1,https://www.youtube.com/channel/UCvnmUaJ3L6J9oVJ20k7L3kg,,
392,,,,,,Life With Labradors,1,https://www.youtube.com/channel/UCUu1UsBQWANwBoMGP4MViiQ,,
393,,,,,,OneMorePlease,1,https://www.youtube.com/channel/UCITMs6XgJVhSxUXNArIA2Kw,,
394,,,,,,MovieGeek,1,https://www.youtube.com/channel/UCSY04juJnUS_PPEmcc-Bu7A,,
395,,,,,,LadyGagaVEVO,1,https://www.youtube.com/channel/UC07Kxew-cMIaykMOkzqHtBQ,,
396,,,,,,Zakir Khan,1,https://www.youtube.com/channel/UCkS7Vxu4PjM99w0Is6idjcg,,
397,,,,,,OldManStino,1,https://www.youtube.com/channel/UCH9gXdayA8YsKj1Sv9UzE5A,,
398,,,,,,Technology Gyan,1,https://www.youtube.com/channel/UC1tVU8H153ZFO9eRsxdJlhA,,
399,,,,,,Kittisaurus,1,https://www.youtube.com/channel/UCwcsDWGip6vtiZyCnvDoClQ,,
400,,,,,,Zarif,1,https://www.youtube.com/channel/UC2ELHlKtBv4TvlW46k_7c2Q,,
401,,,,,,Furious Movies,1,https://www.youtube.com/channel/UC7n0Fw9jxA-nV8CgAx7bmDA,,
402,,,,,,Wonderland,1,https://www.youtube.com/channel/UCPmPY44m-gcKuvZUGaYvgtw,,
403,,,,,,Capital FM,1,https://www.youtube.com/channel/UCZzwjZPc6R_PbnDgFVMwlvQ,,
404,,,,,,Lehren TV,1,https://www.youtube.com/channel/UCxcriVvVwJQ81AHoRwfcd-Q,,
405,,,,,,SearchlightPictures,1,https://www.youtube.com/channel/UCor9rW6PgxSQ9vUPWQdnaYQ,,
406,,,,,,WorkitWillis,1,https://www.youtube.com/channel/UCguU4Tey59bTXw98WmeVICA,,
407,,,,,,NMF News,1,https://www.youtube.com/channel/UCvxi7_X1VSaMr_osIamYNaw,,
408,,,,,,MiO9,1,https://www.youtube.com/channel/UCU5-HW3G5U2ztQloUsu6qgQ,,
409,,,,,,Ger von Videos,1,https://www.youtube.com/channel/UCwyWdWalRPc9CZeGz1yZdnA,,
410,,,,,,Mr Bean,1,https://www.youtube.com/channel/UCkAGrHCLFmlK3H2kd6isipg,,
411,,,,,,Lucy &amp; Milo,1,https://www.youtube.com/channel/UCps3b8w2z-xDzSklGZwFJ_g,,
412,,,,,,Soufiane El Houda,1,https://www.youtube.com/channel/UC-8eyIjCkwi7CjHdrK8pR9A,,
413,,,,,,The Screen Patti,1,https://www.youtube.com/channel/UCNyeSfUfffmJXwA2_tmNG9A,,
414,,,,,,Victor Tellander,1,https://www.youtube.com/channel/UCd6YwX7Vj_4TB_UGNaMAThw,,
415,,,,,,FitMuscle TV,1,https://www.youtube.com/channel/UCn8Fiasqd-6G3A6AS322mZA,,
416,,,,,,News Hour India,1,https://www.youtube.com/channel/UCflcTDN0OO8EktqDKysjSHw,,
417,,,,,,Tech Timmers,1,https://www.youtube.com/channel/UCgRLAmjU1y-Z2gzOEijkLMA,,
418,,,,,,BigDawsTv,1,https://www.youtube.com/channel/UCu4X846OSea5YU6S8fIpy1A,,
419,,,,,,TechRaman,1,https://www.youtube.com/channel/UCssNbSn53yQ6We76EysSSMg,,
420,,,,,,RT,1,https://www.youtube.com/channel/UCpwvZwUam-URkxB7g4USKpg,,
421,,,,,,They R you,1,https://www.youtube.com/channel/UCLA6oqyvm3HdcE3TIudCyEg,,
422,,,,,,AcousticTrench,1,https://www.youtube.com/channel/UCV-hwVczs0GQRApxZS4TUNA,,
423,,,,,,manda,1,https://www.youtube.com/channel/UCk13fACFF3J-H5oVPKNh0yA,,
424,,,,,,SuperbLyrics,1,https://www.youtube.com/channel/UCy9zjfGD_LGnfaz27K5pvnw,,
425,,,,,,Babyalien83,1,https://www.youtube.com/channel/UCO-sDhZY7z4egDtqRA2VmQw,,
426,,,,,,WesleyAPEX,1,https://www.youtube.com/channel/UCqHr8Y29dVnwiJaNRD4aXrA,,
427,,,,,,MLB,1,https://www.youtube.com/channel/UCoLrcjPV5PbUrUyXq5mjc_A,,
428,,,,,,Maop Frontline,1,https://www.youtube.com/channel/UCVK1bsgzXTm2wnUgIPThUCA,,
429,,,,,,Gung Ho Vids,1,https://www.youtube.com/channel/UCBeWGn3mho4_5Og6D4jHbXw,,
430,,,,,,BBC Earth,1,https://www.youtube.com/channel/UCwmZiChSryoWQCZMIQezgTg,,
431,,,,,,MegaEmily99,1,https://www.youtube.com/channel/UC9BCI1XJF1mkB4A95Nn8DMw,,
432,,,,,,Charlie Puth,1,https://www.youtube.com/channel/UCwppdrjsBPAZg5_cUwQjfMQ,,
433,,,,,,CBS News,1,https://www.youtube.com/channel/UC8p1vwvWtl6T73JiExfWs1g,,
434,,,,,,Psych Ward,1,https://www.youtube.com/channel/UCl-iOYj-drJSD5UygzNl4uw,,
435,,,,,,Connor McCarthy,1,https://www.youtube.com/channel/UCzPhSSWORzEJjMr-DhContg,,
436,,,,,,Golden Mango,1,https://www.youtube.com/channel/UCSloYXWAXanjjurw6SzDsiA,,
437,,,,,,Oleksiy,1,https://www.youtube.com/channel/UCUmnzBNYWwTR4cGNDi9ED0g,,
438,,,,,,Samson Lee,1,https://www.youtube.com/channel/UCaLXetALGPPcfgW4MYN-QDQ,,
439,,,,,,Tarun Kumar,1,https://www.youtube.com/channel/UCke-cH7ouHsSKnpNddV8yew,,
440,,,,,,Sherpa,1,https://www.youtube.com/channel/UCYTwXM6v_DRQrsuZvPW0MzA,,
441,,,,,,ChamillionaireVEVO,1,https://www.youtube.com/channel/UCMRskGhIHaxFn5xl_gsQlWg,,
442,,,,,,RabbitHole,1,https://www.youtube.com/channel/UCKxgE_6KB56Bc0V6BrfrEoQ,,
443,,,,,,milperthusky,1,https://www.youtube.com/channel/UCrdt0afUIkvx_afZV4CUiHg,,
444,,,,,,ashish chanchlani vines,1,https://www.youtube.com/channel/UC7eHZXheF8nVOfwB2PEslMw,,
445,,,,,,Alan Jackson,1,https://www.youtube.com/channel/UCnY1u_uDuTzRwqcj-_V0ejw,,
446,,,,,,FilterCopy,1,https://www.youtube.com/channel/UC7IMq6lLHbptAnSucW1pClA,,
447,,,,,,VasuDailyLife,1,https://www.youtube.com/channel/UCKowViaUTw3f2k8ZhxACTAA,,
448,,,,,,DopeLyrics,1,https://www.youtube.com/channel/UCvR2R7j218tzejtTsb_X6Rw,,
449,,,,,,King Joseph,1,https://www.youtube.com/channel/UC3d3o8uA1aXOs6W00DvHLrw,,
450,,,,,,Geet MP3,1,https://www.youtube.com/channel/UClZF7OsrECe3t_ADrjZEh_Q,,
451,,,,,,Ishtar Punjabi,1,https://www.youtube.com/channel/UCopY0NAzASqmD6eVaRj2TFQ,,
452,,,,,,Pop Chartbusters,1,https://www.youtube.com/channel/UCzL6rJhkoXkIt0fCv9T9_uA,,
453,,,,,,RedR,1,https://www.youtube.com/channel/UCZL8Qt2KtRUlgw1704Fl_Rw,,
454,,,,,,Kartik Aaryan,1,https://www.youtube.com/channel/UCZGTID13UY2QhGd8UvXWrpw,,
455,,,,,,Haste Raho,1,https://www.youtube.com/channel/UCnofQ65yrqUslv1am59PWsw,,
456,,,,,,Watch Roz,1,https://www.youtube.com/channel/UC0wao-qtsBkt5dDE6R6xnDw,,
457,,,,,,Bollygrad Studioz,1,https://www.youtube.com/channel/UCNvywYiv2rpARNbn2yxvoCw,,
458,,,,,,Siddharth Slathia,1,https://www.youtube.com/channel/UC-Qzdx2YISLNU6gEJ27YRiQ,,
459,,,,,,SciMyth,1,https://www.youtube.com/channel/UCuBu1ax4IkB4xUsqq1MTuAw,,
460,,,,,,Patrick Reilly,1,https://www.youtube.com/channel/UCDdS-7OT-JunMxkGDoTQaaQ,,
461,,,,,,Sumanth Naik,1,https://www.youtube.com/channel/UC3emu_mA-3uDWblpsNNZu7g,,
462,,,,,,Surajit Biswas,1,https://www.youtube.com/channel/UCaZEqVhczxM9uIsZLkjxHjw,,
463,,,,,,Who Played It Better,1,https://www.youtube.com/channel/UCZp4FtO_aECUA3mCnpyBOkw,,
464,,,,,,Kapil Sharma,1,https://www.youtube.com/channel/UC1-BQ2oxqBVtCjMHF-Wf98w,,
465,,,,,,Hashem Al-Ghaili,1,https://www.youtube.com/channel/UCfAInEvJMxEq_pCb9vehdCw,,
466,,,,,,Rotten Tomatoes Trailers,1,https://www.youtube.com/channel/UCi8e0iOVk1fEOogdfu4YgfA,,
467,,,,,,Let&#39;sPlayGuitar!,1,https://www.youtube.com/channel/UCBl5sCJVHmnj_TZOYubd5cg,,
468,,,,,,ABP Sanjha,1,https://www.youtube.com/channel/UCYGZ0qW3w_dWExE3QzMkwZA,,
469,,,,,,KuchBhiMehta,1,https://www.youtube.com/channel/UCFhk_JAfHa_ONUwUNKDtl3A,,
470,,,,,,Shubh Ashish Records,1,https://www.youtube.com/channel/UCfEVI4QuwsjfRCqcboleu-g,,
471,,,,,,essenceNavin,1,https://www.youtube.com/channel/UCLS4LUTTWg-OYs5qfIrBLOA,,
472,,,,,,RamDhoot,1,https://www.youtube.com/channel/UC30wnFfETFkzO49xhVkJsMA,,
473,,,,,,Like Stories of Old,1,https://www.youtube.com/channel/UCs7nPQIEba0T3tGOWWsZpJQ,,
474,,,,,,ATP STAR,1,https://www.youtube.com/channel/UCwdvPgmU5qHPB2NsDLAmS1g,,
475,,,,,,MathonGo,1,https://www.youtube.com/channel/UCNn75PJi2J5OmZGuLCZGJPg,,
476,,,,,,THG Fansite,1,https://www.youtube.com/channel/UC5kbrYM6LZHkcXm5jaRNgnA,,
477,,,,,,Jay M,1,https://www.youtube.com/channel/UCkXbhCiPwN3sEjz5_P9GNdw,,
478,,,,,,YouTube Movies,1,https://www.youtube.com/channel/UCZJCk6iObPSXAob-HJvwjEg,,
479,,,,,,Kim Wurster,1,https://www.youtube.com/channel/UCcE9iOwUcpWo-JshgFPcD2g,,
480,,,,,,Josh Weiland,1,https://www.youtube.com/channel/UCkJL-qV2GwEkBIwhnRSGLog,,
481,,,,,,HoomanTV,1,https://www.youtube.com/channel/UC64guZp8DXzqrIQ5OPedviw,,
482,,,,,,actoralam,1,https://www.youtube.com/channel/UC35jvxcLLZpGQBdwrVpHTww,,
483,,,,,,Anton Danilovich,1,https://www.youtube.com/channel/UCxSEih2AsXaYekyTaJAOnGg,,
484,,,,,,Animal Planet,1,https://www.youtube.com/channel/UCkEBDbzLyH-LbB2FgMoSMaQ,,
485,,,,,,Lord Shiva Songs,1,https://www.youtube.com/channel/UCZJSg5r9IBgknv0VQAVoETg,,
486,,,,,,MochaMilk,1,https://www.youtube.com/channel/UCnjyiWHGEyww-p8QYSftx2A,,
487,,,,,,8D Geeth Bollywood,1,https://www.youtube.com/channel/UCfAyCtUgGm0DLVZaNzb7Q9g,,
488,,,,,,mradulasagar,1,https://www.youtube.com/channel/UCBjGixqIFNSHctacl5GgX2g,,
489,,,,,,We Are One,1,https://www.youtube.com/channel/UCDjwdhrPW_MPEleDnPXOYTA,,
490,,,,,,Vicky Tsai,1,https://www.youtube.com/channel/UCnuJ3NDByVdJDg0PjEs_AGw,,
491,,,,,,Ilian Radev,1,https://www.youtube.com/channel/UChdq0QwQdb0c5ZNL8BBJy9A,,
492,,,,,,Keshab Dasgupta -Keys To Serenity,1,https://www.youtube.com/channel/UCPnH9QkIz7Ns-Ar-zV4ZMBA,,
493,,,,,,W Motors,1,https://www.youtube.com/channel/UChDRma_6ygdf1MV-NLYbJfg,,
494,,,,,,Zockerfreak999,1,https://www.youtube.com/channel/UCOFE-PbJwZudFell_2tV8jg,,
495,,,,,,Tips Bhakti Prem,1,https://www.youtube.com/channel/UCCbmKsQJ92JV-L8jYJ4u9Yg,,
496,,,,,,NyanTomo,1,https://www.youtube.com/channel/UCHkR7rE9v7PObHJj-oXtHiQ,,
497,,,,,,Social Sketch,1,https://www.youtube.com/channel/UCumI7jnTA7pXBuoBtsxoZ6A,,
498,,,,,,Ib En,1,https://www.youtube.com/channel/UCty0G1WONPR8RoWrjOStsbg,,
499,,,,,,FOX 9 Minneapolis-St. Paul,1,https://www.youtube.com/channel/UClwddNv0Cr6SIEGkzVK886w,,
500,,,,,,Chaitanya Mahajan,1,https://www.youtube.com/channel/UCnrHXv45xXvne3IBj4QNR2A,,
501,,,,,,Wholesome Erik,1,https://www.youtube.com/channel/UC12Glb27eC-yN_A9VciKW2A,,
502,,,,,,"eSaral - JEE, NEET, Class 9 &amp; 10 Preparation",1,https://www.youtube.com/channel/UCddnJhXMUxzHoH8AZkZSd8w,,
503,,,,,,Alana Cho,1,https://www.youtube.com/channel/UCoRGy1iLbyDMSLoM5eJA4_Q,,
504,,,,,,kapishreshth,1,https://www.youtube.com/channel/UCeEQPHZz1aeSBjKX6jin6pA,,
505,,,,,,Rasbhari Ke Papa,1,https://www.youtube.com/channel/UCs9rS7E4bverH-hxgHJtNRQ,,
506,,,,,,Lokmat Hindi News,1,https://www.youtube.com/channel/UCmqx3ukqhdbSJWJB_SdCbqA,,
507,,,,,,Flying Beast,1,https://www.youtube.com/channel/UCNSdjX4ry9fICqeObdZPAZQ,,
508,,,,,,SDET- QA,1,https://www.youtube.com/channel/UC46vj6mN-6kZm5RYWWqebsg,,
509,,,,,,Complete Concepts,1,https://www.youtube.com/channel/UCrkQupByrV-wxdAqGXppTaA,,
510,,,,,,The Deshbhakt,1,https://www.youtube.com/channel/UCmTM_hPCeckqN3cPWtYZZcg,,
511,,,,,,Arsh Goyal,1,https://www.youtube.com/channel/UCJqx8MM4gDPDy8TqVVlPyLw,,
512,,,,,,Frame-X IIT JODHPUR,1,https://www.youtube.com/channel/UCTuhG_-ttE0H8abeuqRxpLQ,,
513,,,,,,NCC,1,https://www.youtube.com/channel/UCYPpsLyyofsFUAJXX3YC6Eg,,
514,,,,,,Bob and the Wolf dogs,1,https://www.youtube.com/channel/UCizPBiUy2KV89OIf_mSPEGQ,,
515,,,,,,Coke Studio India ,1,https://www.youtube.com/channel/UCXuO_AmrcE16fDoNiq9JZZg,,
516,,,,,,Bulgari,1,https://www.youtube.com/channel/UCkBSNLyWZMZcawIHHSDhk0w,,
517,,,,,,Polenar Tactical,1,https://www.youtube.com/channel/UC-24483CtyVfhJ-XxRfPr8Q,,
518,,,,,,Mystery Matt,1,https://www.youtube.com/channel/UC8BLc91ZdQZyr3Wj3IEALaQ,,
519,,,,,,with Expose,1,https://www.youtube.com/channel/UCUigfHMf5OpJYR9U_LCSQNQ,,
520,,,,,,SHADOW THE  HUSKY 🇮🇳,1,https://www.youtube.com/channel/UC0Xpyx6Yr7Y4S8APU8Q-bhg,,
521,,,,,,dogsbylogan,1,https://www.youtube.com/channel/UC4FfvCwtzJk1v71Wp_1utWw,,
522,,,,,,OverSimplified,1,https://www.youtube.com/channel/UCNIuvl7V8zACPpTmmNIqP2A,,
523,,,,,,Sean Dubs,1,https://www.youtube.com/channel/UCtYBd5XO-blJ6yQPwxQYB9w,,
524,,,,,,DDLJ,1,https://www.youtube.com/channel/UCoQ7AFQ_zT2CSDqrXJCMoYg,,
525,,,,,,Lauren Becker,1,https://www.youtube.com/channel/UCBl7s6ryPWlH2CGeZyRtKtw,,
526,,,,,,StarPlus,1,https://www.youtube.com/channel/UC-LPIU24bQXVljUXivKEeRQ,,
527,,,,,,BBC,1,https://www.youtube.com/channel/UCCj956IF62FbT7Gouszaj9w,,
528,,,,,,Jayant Ke Guides,1,https://www.youtube.com/channel/UCiNX4_v7wLIS0olDYeCbDuA,,
529,,,,,,Gaetan Thepaut,1,https://www.youtube.com/channel/UClNt4NWsAhkyo6FcyaUl6dQ,,
530,,,,,,Digital Marketing Guruji,1,https://www.youtube.com/channel/UCG2BR1VDhvfqXLuLMLAhLbw,,
531,,,,,,Prabhat,1,https://www.youtube.com/channel/UCymqpGNjq8gXnBrD-IbQmaQ,,
532,,,,,,SHERANG BEK,1,https://www.youtube.com/channel/UCU4PKufTn_D2qCf3v0B6JyQ,,
533,,,,,,Shreya Ghoshal AVS,1,https://www.youtube.com/channel/UCYTDFn2LU594a-3r4bJdS2Q,,
534,,,,,,Republic Bharat,1,https://www.youtube.com/channel/UC7wXt18f2iA3EDXeqAVuKng,,
535,,,,,,Barry Van Veen,1,https://www.youtube.com/channel/UCooRZ0pxedi179pBe9aXm5A,,
536,,,,,,James Blackwood - Raccoon Whisperer,1,https://www.youtube.com/channel/UCrUI5mqQeZTiWui5UF0DsxA,,
537,,,,,,Mohak Mangal,1,https://www.youtube.com/channel/UCz4a7agVFr1TxU-mpAP8hkw,,
538,,,,,,Blockchain at BerkeleyX,1,https://www.youtube.com/channel/UCqeIoMMTKl9PK9O8BcEpNhQ,,
539,,,,,,Pepcoding,1,https://www.youtube.com/channel/UC7rNzgC2fEBVpb-q_acpsmw,,
540,,,,,,Mark Reddick,1,https://www.youtube.com/channel/UCXo45g4-WzWG-v2ESASAJDg,,
541,,,,,,notnek01,1,https://www.youtube.com/channel/UCb7EQ9VQ7UHKy9-UYe3ezXg,,
542,,,,,,Elizabeth Morales,1,https://www.youtube.com/channel/UCXe7vzLLqf-XVF0053v7KrA,,
543,,,,,,Abijit Ganguly,1,https://www.youtube.com/channel/UCRDJea1PTGSDkt1cvkDoOhg,,
544,,,,,,Eddie Woo,1,https://www.youtube.com/channel/UCq0EGvLTyy-LLT1oUSO_0FQ,,
545,,,,,,Tucker Budzyn,1,https://www.youtube.com/channel/UCNSzfesc7IgWZwg4n6uXr1A,,
546,,,,,,This is Bailey,1,https://www.youtube.com/channel/UCWTgK00SCKKNgpbsAgqzUxw,,
547,,,,,,JustinBieberVEVO,1,https://www.youtube.com/channel/UCHkj014U2CQ2Nv0UZeYpE_A,,
548,,,,,,Earning With Chotu,1,https://www.youtube.com/channel/UCdMcCCKfHDvGsov7TQ93Qjg,,
549,,,,,,Zendria 🕊,1,https://www.youtube.com/channel/UC1qpHNMDg7uta0YEeYx-r0g,,
550,,,,,,Kanishk Gupta,1,https://www.youtube.com/channel/UCIKAsBdkwH3ERoJd3hJQ-Jg,,
551,,,,,,Geekdom Central,1,https://www.youtube.com/channel/UCBJ1mtuHsK7nmLMsPMHsHMg,,
552,,,,,,Faber-Castell,1,https://www.youtube.com/channel/UCSmBJecxyWaAJnhCcYzEbSw,,
553,,,,,,Shravan Regar [MBBS],1,https://www.youtube.com/channel/UCqLLCIokIg37_1huxUkHq6Q,,
554,,,,,,CBS Miami,1,https://www.youtube.com/channel/UCXJryYh6xcW5iEeJGzK191A,,
555,,,,,,The Telegraph,1,https://www.youtube.com/channel/UCPgLNge0xqQHWM5B5EFH9Cg,,
556,,,,,,NBC News,1,https://www.youtube.com/channel/UCeY0bbntWzzVIaj2z3QigXg,,
557,,,,,,Tariq Ouri,1,https://www.youtube.com/channel/UCjrYGoQW_1n3wKdYQbpCvDw,,
558,,,,,,mixfmcyprus,1,https://www.youtube.com/channel/UC-RaQhNP0C2bXAcSfs4tf6w,,
559,,,,,,Jolie Hales,1,https://www.youtube.com/channel/UC9mQBH84MX9YfOMlbovItqw,,
560,,,,,,Gaurav Kaulgud,1,https://www.youtube.com/channel/UCRwxJ3Lqsp4cTJ9Q4n5AWEA,,
561,,,,,,Free Hugs Project,1,https://www.youtube.com/channel/UCn9bExO23JNSYiQSTIOnGWA,,
562,,,,,,ArianaCentral,1,https://www.youtube.com/channel/UChmoazcMmQELCTVXZUP5MeA,,
563,,,,,,Wave of Trend,1,https://www.youtube.com/channel/UCy2WOudK6eTlvcFN9ik52-A,,
564,,,,,,TheSupererogatoryGuy,1,https://www.youtube.com/channel/UCvezBva0CYZN0jYwPbQq4Vg,,
565,,,,,,Wyatt / chucklemaster,1,https://www.youtube.com/channel/UC3GVtBaBxM150b5hXM7-9vw,,
566,,,,,,Mister Piano,1,https://www.youtube.com/channel/UCTDisASyVGlpFys7s6cuRig,,
567,,,,,,Still Watching Netflix,1,https://www.youtube.com/channel/UCGie8GMlUo3kBKIopdvumVQ,,
568,,,,,,TRT World,1,https://www.youtube.com/channel/UC7fWeaHhqgM4Ry-RMpM2YYw,,
569,,,,,,BattleForTelenuovo,1,https://www.youtube.com/channel/UCyTbMCRcf7uPu355jLGaLew,,
570,,,,,,GiveBackFilms,1,https://www.youtube.com/channel/UCzAuEUMRcsWZtSpVk3QwKKA,,
571,,,,,,FreePSn Generator,1,https://www.youtube.com/channel/UCbiuGQjjp6hT3nFIsMiLGCA,,
572,,,,,,NulL Media,1,https://www.youtube.com/channel/UCSV5-fkaRoh37M0YBxdq3Vw,,
573,,,,,,SyrebralVibes,1,https://www.youtube.com/channel/UCi0LydWaEUy3Vx8flL29ebQ,,
574,,,,,,Pranks Tube,1,https://www.youtube.com/channel/UCWu56NBbutsafeH012tXPkg,,
575,,,,,,Wiz Khalifa Music,1,https://www.youtube.com/channel/UCLxOm-UQ1gtyQgfz8Rn34iQ,,
576,,,,,,Improv Everywhere,1,https://www.youtube.com/channel/UCTrtA2LyW7gie0o8hY4efXw,,
577,,,,,,learn services,1,https://www.youtube.com/channel/UCk3SsDzMU7vto4lmCcD24aw,,
578,,,,,,JavaScript Mastery,1,https://www.youtube.com/channel/UCmXmlB4-HJytD7wek0Uo97A,,
579,,,,,,Dino James,1,https://www.youtube.com/channel/UCtpDorOuxwQ1URGQ0WLIXmQ,,
580,,,,,,Nomadic Indian,1,https://www.youtube.com/channel/UCgilhqoyZrXV2EBlaaAtVaw,,
581,,,,,,Prashant Nakti BTS,1,https://www.youtube.com/channel/UC1ckRtdUUH70s_d5v6mDJjg,,
582,,,,,,Powerhause,1,https://www.youtube.com/channel/UCJ_Mz9oElatCmBwbS24Gp3Q,,
583,,,,,,RAZR,1,https://www.youtube.com/channel/UCxSgL4wUSWEqNkKUB5x6CeA,,
584,,,,,,LIV Music,1,https://www.youtube.com/channel/UCuJ9tGkTBb7mBFFZW_N94lA,,
585,,,,,,Amitabh Bachchan - Topic,1,https://www.youtube.com/channel/UCI_MAGDx-8cQCvONESKXe3A,,
586,,,,,,Coke Studio Pakistan,1,https://www.youtube.com/channel/UCM1VesJtJ9vTXcMLLr_FfdQ,,
587,,,,,,Bollywood Hits,1,https://www.youtube.com/channel/UCCuZbZ8IPWJDrQ4yKCb5gyw,,
588,,,,,,Tips  Jhankar Gaane,1,https://www.youtube.com/channel/UCFNHLC4euNaQGDmIokMugiA,,
589,,,,,,Fluctus,1,https://www.youtube.com/channel/UC_Se32jLBjnOuftl1u3zfLw,,
590,,,,,,Top Fives,1,https://www.youtube.com/channel/UCbAlVnKhbGLK78GsSemQXxw,,
591,,,,,,VYAS EDIFICATION,1,https://www.youtube.com/channel/UCbVus-Tz4pL8j7zPoQ--amA,,
592,,,,,,Samay Raina,1,https://www.youtube.com/channel/UCAov2BBv1ZJav0c_yHEciAw,,
593,,,,,,Vishal - Shekhar - Topic,1,https://www.youtube.com/channel/UCWXJyrk1diAufFuTHCTfQ2A,,
594,,,,,,RT The Hero,1,https://www.youtube.com/channel/UCR1qMuho8nb_9bnj-8zj7pQ,,
595,,,,,,Aman Panotra,1,https://www.youtube.com/channel/UCf2G6jDbJI3s0d5U-N9fqzg,,
596,,,,,,Skydance,1,https://www.youtube.com/channel/UChHWguT73YHTBfptyj41a1Q,,
597,,,,,,The Studious Panda,1,https://www.youtube.com/channel/UCN1B0TmQGlgv0iba6ecXo3Q,,
598,,,,,,Etoos Education,1,https://www.youtube.com/channel/UCck8RejS9Ug2fbTYcGVBwjA,,
599,,,,,,Lauv,1,https://www.youtube.com/channel/UCfLdIEPs1tYj4ieEdJnyNyw,,
600,,,,,,shakiraVEVO,1,https://www.youtube.com/channel/UCGnjeahCJW1AF34HBmQTJ-Q,,
601,,,,,,Think Music India,1,https://www.youtube.com/channel/UCLbdVvreihwZRL6kwuEUYsA,,
602,,,,,,Volga Video,1,https://www.youtube.com/channel/UCIeNlITYK46VkR7yIuTL8GQ,,
603,,,,,,"The Groove Theory , Dance Society IITJ",1,https://www.youtube.com/channel/UCyrvxNnTIgeiPAC1RtXJypw,,
604,,,,,,ComputerVisionFoundation Videos,1,https://www.youtube.com/channel/UC0n76gicaarsN_Y9YShWwhw,,
605,,,,,,RAVI SAINI SHORTS,1,https://www.youtube.com/channel/UCRN4siDgnrUT56Yj7-a-hEA,,
606,,,,,,Bimu,1,https://www.youtube.com/channel/UCYNDac3sSO1GFpfW7zqzvBQ,,
607,,,,,,Abdul Bari,1,https://www.youtube.com/channel/UCZCFT11CWBi3MHNlGf019nw,,
608,,,,,,Education 4u,1,https://www.youtube.com/channel/UCKS34cSMNaXaySe2xgXH-3A,,
609,,,,,,EZCSE,1,https://www.youtube.com/channel/UC0zmoQSgdrudQkONpz9o0wg,,
610,,,,,,HYPERTECHNO,1,https://www.youtube.com/channel/UCYz8HIa88w2RLNzc6Bb6oLw,,
611,,,,,,TED-Ed,1,https://www.youtube.com/channel/UCsooa4yRKGN_zEE8iknghZA,,
612,,,,,,ourmemoriestonight,1,https://www.youtube.com/channel/UCZCmb5a8LE9LMxW9I3-BFjA,,
613,,,,,,The1975VEVO,1,https://www.youtube.com/channel/UCH_YpPVrF7Kzjew8rB2cdjg,,
614,,,,,,"Michael Chua, MD",1,https://www.youtube.com/channel/UCZlpezVo9CCp6fuPdPlKWdQ,,
615,,,,,,Haya Sharma,1,https://www.youtube.com/channel/UCyJQWf59AjRnd_yH_7joQkQ,,
616,,,,,,CAB (Cricket Association Of Bengal ),1,https://www.youtube.com/channel/UC2sEWs7bi-n_dyXBTwUTJvw,,
617,,,,,,Film Trim,1,https://www.youtube.com/channel/UCyo6urgBBXfDdFiSY37WdMQ,,
618,,,,,,Embassy of Music,1,https://www.youtube.com/channel/UCTSRiwwrD1cMKPIjtpSoGnA,,
619,,,,,,YOUTUBE KV,1,https://www.youtube.com/channel/UC4_gZCzTlmXbzRy9W_doqaw,,
620,,,,,,Carol Lello,1,https://www.youtube.com/channel/UCE7qxXZvYOY8uWmLUbmlQkw,,
621,,,,,,ChainsmokersVEVO,1,https://www.youtube.com/channel/UCRzzwLpLiUNIs6YOPe33eMg,,
622,,,,,,GlassAnimalsVEVO,1,https://www.youtube.com/channel/UCOMLtULLvoymORim06O1vaw,,
623,,,,,,JohnNewmanVEVO,1,https://www.youtube.com/channel/UC7KqPOHnMTzdBjkbTQp5ebg,,
624,,,,,,smallpoolsVEVO,1,https://www.youtube.com/channel/UCdfs_H4H3dEfeqX-2tXcCyg,,
625,,,,,,Maroon5VEVO,1,https://www.youtube.com/channel/UCN1hnUccO4FD5WfM7ithXaw,,
626,,,,,,MikePosnerVEVO,1,https://www.youtube.com/channel/UCtNFd4yNZvk3ZnnK96zU13g,,
627,,,,,,Lyrics Treasure,1,https://www.youtube.com/channel/UC0gY-8Gk2UqCE_x6iYv7SpA,,
628,,,,,,eternal moon.,1,https://www.youtube.com/channel/UCGjC-m17nnubk9xm2gc4yvw,,
629,,,,,,Klaus Clover,1,https://www.youtube.com/channel/UCYfkOJJgzmaJrZpQSjZI06A,,
630,,,,,,Music Classic,1,https://www.youtube.com/channel/UCWlqIMKSQtKkJzGUk7gU5yw,,
631,,,,,,Sonu Singh - PPT wale,1,https://www.youtube.com/channel/UCq6F_3o__BOOKm8ne_28TgQ,,
632,,,,,,Udacity,1,https://www.youtube.com/channel/UCBVCi5JbYmfG3q5MEuoWdOw,,
633,,,,,,DataQueen,1,https://www.youtube.com/channel/UCVUpXlo7CgJhpr76yOx0-4w,,
634,,,,,,Music adda,1,https://www.youtube.com/channel/UCCK_q_PKINoK6ON-CBmg_Kw,,
635,,,,,,Brut India,1,https://www.youtube.com/channel/UCCgQaXjsJ6EdFPZeTFQoSyw,,
636,,,,,,Josue Thesis,1,https://www.youtube.com/channel/UC2IkpFTxUvPcTXS07y6DzkA,,
637,,,,,,Stefan Bojic,1,https://www.youtube.com/channel/UCn7mR2uFvuxeR_syga_I2Lg,,
638,,,,,,SportsNation,1,https://www.youtube.com/channel/UCQZi2YXSxc6BSK4mZHql8ag,,
639,,,,,,Aditya Chaudhary,1,https://www.youtube.com/channel/UCsckJjfkLJBecwPDhBgnl9A,,
640,,,,,,김대현,1,https://www.youtube.com/channel/UCxiz7XoZHAB8qVbzjYSZcww,,
641,,,,,,JioStudios,1,https://www.youtube.com/channel/UCcXQd6kHKm0b41x8zMVMmMg,,
642,,,,,,Varun Grover,1,https://www.youtube.com/channel/UCDE7MoDdJwleaIAd3qFJF1A,,
643,,,,,,Thom Garcia,1,https://www.youtube.com/channel/UCCXFQffpRd7Uy2T2iq6-s3Q,,
644,,,,,,Dr. Vaibhav Jain,1,https://www.youtube.com/channel/UCj86U7FT8O4JqXC-pfKFLIQ,,
645,,,,,,Introduction to Quantum Computing,1,https://www.youtube.com/channel/UCRBLbygoPJ4wuM5HvNLmnSQ,,
646,,,,,,Willmon Blue,1,https://www.youtube.com/channel/UC18B02qGTtV_a7gpsnv2vsQ,,
647,,,,,,Kenneth Acoustic - Topic,1,https://www.youtube.com/channel/UCgByaKhMn8fJgtiN6m4ikcw,,
648,,,,,,Funkyman,1,https://www.youtube.com/channel/UC2oeZ4paIi3RV3tdgignMVw,,
649,,,,,,Everything Guitar,1,https://www.youtube.com/channel/UCleCVIaDbjFDBMy4RJRAXmA,,
650,,,,,,kazuki isogai,1,https://www.youtube.com/channel/UCuXblLcOc3KdJiLlMxiezCQ,,
651,,,,,,Decian Othello,1,https://www.youtube.com/channel/UCd6VVWjFjZtyAGWXNEg5PoQ,,
652,,,,,,Kaan Arkin Guitar,1,https://www.youtube.com/channel/UCe4C8jTiM1KdBAGWYFtxTBw,,
653,,,,,,Joseph Solomon,1,https://www.youtube.com/channel/UCdF-MldtDn4EW8-DlQqPD_g,,
654,,,,,,Shrenik Jain,1,https://www.youtube.com/channel/UCQIVUW5Ebv23tlqdimqa1Xg,,
655,,,,,,Dan White,1,https://www.youtube.com/channel/UCN4XW9piYD1GKWcWU-fcNbA,,
656,,,,,,Yarnhub,1,https://www.youtube.com/channel/UC-f2WBfSCZiu0bOBydjot3w,,
657,,,,,,Madhur Virli,1,https://www.youtube.com/channel/UC11O9Kt8H4O37Tfjyxz1O9Q,,
658,,,,,,RealTalk Clips,1,https://www.youtube.com/channel/UCkOhyFunM8NpDkNlghy3Y9g,,
659,,,,,,Wandering Maniac,1,https://www.youtube.com/channel/UCHwXTQ-sDw8sMh0SCu7yFiQ,,
660,,,,,,Gaurav J - TheElectricalGuy,1,https://www.youtube.com/channel/UCiBwt71hOgx2qnga5OOpRaA,,
661,,,,,,Bucks,1,https://www.youtube.com/channel/UCY0mugl8WwyUQMYW0M_-aiA,,
662,,,,,,Cheeky Boyos,1,https://www.youtube.com/channel/UC1AZlchD57wkvpWFMDgMUJQ,,
663,,,,,,SoCal Supers,1,https://www.youtube.com/channel/UCx5VHeYlnnkaYFKwe-URg6A,,
664,,,,,,The Inspirations,1,https://www.youtube.com/channel/UCU7d4wcUXxrGRri_FCR-bwQ,,
665,,,,,,Elevator Boys ,1,https://www.youtube.com/channel/UCNO27KHJzJ6tN7aGTaUzoNw,,
666,,,,,,Wowmage,1,https://www.youtube.com/channel/UCpHZwCvP7_7-UMwp5c-166w,,
667,,,,,,Loveforvids,1,https://www.youtube.com/channel/UClTNkCISsGIukg8A79tjCOA,,
668,,,,,,Mark Hewitt,1,https://www.youtube.com/channel/UCsE-FGTHoXYbq5b80pdWjBw,,
669,,,,,,Nate Jackson,1,https://www.youtube.com/channel/UCstjsMVvSsV_kT0rworEidA,,
670,,,,,,CLIPS DYNASTY,1,https://www.youtube.com/channel/UCmw2eqhBnH62CUxtGO1idTg,,
671,,,,,,MasFace,1,https://www.youtube.com/channel/UC8JAMmKAkp_qcsykOw9MbmA,,
672,,,,,,Akaash Singh,1,https://www.youtube.com/channel/UCdFGdIh0CZa_oF8MJAowsEw,,
673,,,,,,Food Club,1,https://www.youtube.com/channel/UC-PYaO3-ikcOLYKmvdN_CwA,,
674,,,,,,Dillon Francis,1,https://www.youtube.com/channel/UCO8lgagfl3hp_Q1x9HPdfqw,,
675,,,,,,UziBeatz,1,https://www.youtube.com/channel/UCFu9E2U62FogpGQSBiPBh0w,,
676,,,,,,MDrepairs,1,https://www.youtube.com/channel/UC4gEs2SNPr8GBNcdbQGnLjg,,
677,,,,,,JuicedSpot,1,https://www.youtube.com/channel/UCCiXhU3iDW6Htb3gI0kkh_A,,
678,,,,,,Microsoft,1,https://www.youtube.com/channel/UCFtEEv80fQVKkD4h1PF-Xqw,,
679,,,,,,internet-class,1,https://www.youtube.com/channel/UCF-EPJcRpVWGzr-MwITe8AA,,
680,,,,,,3Blue1Brown,1,https://www.youtube.com/channel/UCYO_jab_esuFRV4b17AJtAw,,
681,,,,,,Snow Mountain,1,https://www.youtube.com/channel/UC2NQi8xOML6fRCelvEvvvVA,,
682,,,,,,Study Lovers Kapil Gangwani,1,https://www.youtube.com/channel/UC7PA-mUa1W-gkiUPUr6emNA,,
683,,,,,,Biography,1,https://www.youtube.com/channel/UCiCPv2sV_D3FqMRzzUFA2Fg,,
684,,,,,,The Mystery Hindi,1,https://www.youtube.com/channel/UCDFG82yXVrlmQvJOU2R6-ng,,
685,,,,,,Raniero Testa,1,https://www.youtube.com/channel/UCVrgMorGDOVCQ8R26UkgcRQ,,
686,,,,,,Janine and Gen,1,https://www.youtube.com/channel/UC53vJs-sAu-D69kqN6wJtqQ,,
687,,,,,,Sohthirsty,1,https://www.youtube.com/channel/UCYIjzWA0BnLqQq8nReQXYSg,,
688,,,,,,The Laugh Life,1,https://www.youtube.com/channel/UCtw3DUbwuEzAxdIYDgEuPzw,,
689,,,,,,Adriano Valentini,1,https://www.youtube.com/channel/UC9KmczJ3GNinbOcb0hndZPQ,,
690,,,,,,US Open Tennis Championships,1,https://www.youtube.com/channel/UCXbboag48Qlr78zzz6SkzkQ,,
691,,,,,,Dr Insanity,1,https://www.youtube.com/channel/UCjnYCUIym8wNRjLtZCc6gNg,,
692,,,,,,Dylan Salas,1,https://www.youtube.com/channel/UCxJnYP1Kql7OX4F60GVujvA,,
693,,,,,,Imaginary Reality creation,1,https://www.youtube.com/channel/UCjYRt1XzEf9KwbvJFGqt4qQ,,
694,,,,,,Bharat Goel,1,https://www.youtube.com/channel/UCgrDYy-dP7n3gW110XDwqCw,,
695,,,,,,boogiehead,1,https://www.youtube.com/channel/UCUpD-85yWbQDXSxKD-E9XnA,,
696,,,,,,Mitchell Gaiser,1,https://www.youtube.com/channel/UCDy0LjAON2r_yMBPtf3ZteQ,,
697,,,,,,FatalBreakdown,1,https://www.youtube.com/channel/UC4IXCwKyTKoedhL3Nft29CQ,,
698,,,,,,CrashCourse,1,https://www.youtube.com/channel/UCX6b17PVsYBQ0ip5gyeme-Q,,
699,,,,,,jawed,1,https://www.youtube.com/channel/UC4QobU6STFB0P71PMvOGN5A,,
700,,,,,,Viacom18 Studios,1,https://www.youtube.com/channel/UCs56ffejFhWlCvlvRIdpb9Q,,
701,,,,,,PT with Leo,1,https://www.youtube.com/channel/UCI7PLQ--QbMKasd0cuNCDtg,,
702,,,,,,Storified,1,https://www.youtube.com/channel/UCPz0Wvwv3jkxsVX1lr5uYBg,,
703,,,,,,Nursena Yener,1,https://www.youtube.com/channel/UCV9899sGMA_CRWz_FqMC95A,,
704,,,,,,Nicklaus Children&#39;s Hospital,1,https://www.youtube.com/channel/UC2ttTViinY5muWmST0Pyhxg,,
705,,,,,,melanie martinez,1,https://www.youtube.com/channel/UC2YnEq5Fc5_zEO6bo0oNzCQ,,
706,,,,,,9x Entertainment,1,https://www.youtube.com/channel/UCkaidzmgTVukhyitxgWhu-g,,
707,,,,,,Serenity,1,https://www.youtube.com/channel/UCd6TyMqzSwh6oB5EaI592LA,,
708,,,,,,Anurag Singh,1,https://www.youtube.com/channel/UCaPwrWiaK0VR3RNAC36Qt6A,,
709,,,,,,Best Of Kumar Sanu,1,https://www.youtube.com/channel/UCs5X3sKRQ1AmLaroHSm41kw,,
710,,,,,,Sassy Tullahassee,1,https://www.youtube.com/channel/UCF3r-61J2EEL3v0c7Q9pJNg,,
711,,,,,,Eidan Sanker / Don’t Touch My Car,1,https://www.youtube.com/channel/UCs-S2wp4ID5G-L8lEVa8OWQ,,
712,,,,,,Aykan,1,https://www.youtube.com/channel/UCGBVtwvzxkd2iX4JMaH_4Pg,,
713,,,,,,Short Bits,1,https://www.youtube.com/channel/UC5uisNZEKipCP7aTHwjpLIg,,
714,,,,,,GuitarZero2Hero Express,1,https://www.youtube.com/channel/UC57CDvpwqAxHrJvVkZbaBxA,,
715,,,,,,Being Navi,1,https://www.youtube.com/channel/UCzuHI6scaS2hO4bfIqyJ6jA,,
716,,,,,,Syfonix Records,1,https://www.youtube.com/channel/UCcLZXBshkIwZezJFs19Ezjw,,
717,,,,,,Simon Wilson,1,https://www.youtube.com/channel/UCQCrKxBj5Id79syQEsY2Qxg,,
718,,,,,,Allan Su,1,https://www.youtube.com/channel/UCEt1Ef_TQfkaEmjRmOWiFog,,
719,,,,,,Sara Sajid,1,https://www.youtube.com/channel/UCC_K5hq1L1oww5tdqTCmdxw,,
720,,,,,,unwired,1,https://www.youtube.com/channel/UCvyqw6pWzZWS9y3lPFT9bTw,,
721,,,,,,Engineering Funda,1,https://www.youtube.com/channel/UCdlnqMpRrMcClK2fT6z8EEw,,
722,,,,,,VLSI Academy,1,https://www.youtube.com/channel/UCYz9GoRkaDPr26S-XtUOsXQ,,
723,,,,,,Buzzinga,1,https://www.youtube.com/channel/UCVjMbuacYHHaestWJwJwIow,,
724,,,,,,cimorelliVEVO,1,https://www.youtube.com/channel/UCXqMze5zEdhDs2vruddZy5w,,
725,,,,,,swifties wonderland 🤍,1,https://www.youtube.com/channel/UCboY2YwBtaqg8KufIa_6RZQ,,
726,,,,,,是曼玉不是鳗鱼,1,https://www.youtube.com/channel/UCteP4dGuFeam_i5FnVQNvlA,,
727,,,,,,Alight Myanmar,1,https://www.youtube.com/channel/UCuvx-DilZd_FKV3Bm4XvBNA,,
728,,,,,,Sigma Rules™ ,1,https://www.youtube.com/channel/UCro_I-j5iOvrXLq6iO96E8g,,
729,,,,,,VENUS VIBE,1,https://www.youtube.com/channel/UCpGikStCWKGukxLDqe8DsUQ,,
730,,,,,,The School of Life,1,https://www.youtube.com/channel/UC7IcJI8PUf5Z3zKxnZvTBog,,
731,,,,,,misesmedia,1,https://www.youtube.com/channel/UCmT6-ChKpaiIVu2fhEIsNtQ,,
732,,,,,,Zee Studios,1,https://www.youtube.com/channel/UC3jMepkLKF8y4iiwWmAB3RA,,
733,,,,,,Mohit Chauhan - Topic,1,https://www.youtube.com/channel/UCPexK6Vq8vDGf_ldYFFbnIg,,
734,,,,,,Kéo Tài Xỉu,1,https://www.youtube.com/channel/UCNkHydJsVEUczBh0FmX7JVA,,
735,,,,,,Coldplay,1,https://www.youtube.com/channel/UCDPM_n1atn2ijUwHd0NNRQw,,
736,,,,,,Fresh Vibes ,1,https://www.youtube.com/channel/UCko63Qad8yL776pv820kmgg,,
737,,,,,,KodalineVEVO,1,https://www.youtube.com/channel/UCfm1wtWNhY4Q09K0PX_h9Mw,,
738,,,,,,Jia Yang Chua,1,https://www.youtube.com/channel/UCLLIAUb6rSUUi1N9oFByMPw,,
739,,,,,,Variety,1,https://www.youtube.com/channel/UCgRQHK8Ttr1j9xCEpCAlgbQ,,
740,,,,,,Techytronicz - Tech World,1,https://www.youtube.com/channel/UCoBZzcVCOIwlZfZ9g4d1l5w,,
741,,,,,,Sumit Vaish,1,https://www.youtube.com/channel/UCxu4Uef_KaBZhjIx2X4mV2Q,,
742,,,,,,Karthik Vippala,1,https://www.youtube.com/channel/UCkeVvMfGZZCobuaTDp62PMw,,
743,,,,,,World of Love,1,https://www.youtube.com/channel/UCb3AEnZN5Uz1adaLOm2fbbA,,
744,,,,,,Kishore Kumar,1,https://www.youtube.com/channel/UCW3VMr1nnA1Na299izO7EbA,,
745,,,,,,Feel this 🎧 💚  54k views • 9 hours ago ,1,https://www.youtube.com/channel/UCTtkft0OqbAzv6m_APX3lXw,,
746,,,,,,Shreya Ghoshal ,1,https://www.youtube.com/channel/UCLgSpdJmL-lqBGfxfwJQ6hQ,,
747,,,,,,flight-club,1,https://www.youtube.com/channel/UCmATxqUvw2DEn_yQ3ovPp0g,,
748,,,,,,Kabeer Verma,1,https://www.youtube.com/channel/UCRr0qkBA0guzLNCRDk9p3TQ,,
749,,,,,,Bhajan Gaming,1,https://www.youtube.com/channel/UCB6SgZHw4X501PhYK9EFSXQ,,
750,,,,,,Vsauce,1,https://www.youtube.com/channel/UC6nSFpj9HTCZ5t-N3Rm3-HA,,
751,,,,,,kirkiimad,1,https://www.youtube.com/channel/UCiqkIF0F_6y6psq0ullRYdQ,,
752,,,,,,Learn With SiD,1,https://www.youtube.com/channel/UCH32HVPpqDUSsvjI6yANVtQ,,
753,,,,,,Neon Man,1,https://www.youtube.com/channel/UCWZtQWpe1C2AksuJ5_eCMAQ,,
754,,,,,,AUR,1,https://www.youtube.com/channel/UCrHQf1k-GtPByMHRsJjxO5g,,
755,,,,,,Vyankatesh Bhandare,1,https://www.youtube.com/channel/UCSqbNNG5ty-gva5UhE2hWIg,,
756,,,,,,AmericanAuthorsVEVO,1,https://www.youtube.com/channel/UC67f6whPY0ZzudUZaY2AymA,,
757,,,,,,Alex Cowling,1,https://www.youtube.com/channel/UCGJ0qvvAON5Pog8hmzuouDQ,,
758,,,,,,StoryPioneer,1,https://www.youtube.com/channel/UCoNnwxcLYUaAh_4D0nn5tyw,,
759,,,,,,johnlegendVEVO,1,https://www.youtube.com/channel/UCNnnwVSI5Ndo2I4Y-LPuuew,,
760,,,,,,ZaynVEVO,1,https://www.youtube.com/channel/UCy5FUarBYUHFpPtYVuvzgcA,,
761,,,,,,Universal Music India,1,https://www.youtube.com/channel/UCOQZiBbxmbPo3euu6ECwFUA,,
762,,,,,,Mouad Boumediene - Hobby Coding,1,https://www.youtube.com/channel/UCR27JFRfdHEiMdSoCUeZAGg,,
763,,,,,,Aleksandar Haber,1,https://www.youtube.com/channel/UCJb75Ftt5VukFioxk5OocFQ,,
764,,,,,,Moster,1,https://www.youtube.com/channel/UClFFUrxr38y9GgLLPCuajiQ,,
765,,,,,,Dr. Trefor Bazett,1,https://www.youtube.com/channel/UC9rTsvTxJnx1DNrDA3Rqa6A,,
766,,,,,,CIS 522 - Deep Learning,1,https://www.youtube.com/channel/UCT1ejuxsdomILyc5I2EdzYg,,
767,,,,,,Sony LIV,1,https://www.youtube.com/channel/UCOQNJjhXwvAScuELTT_i7cQ,,
768,,,,,,Cricket Only,1,https://www.youtube.com/channel/UCAbMi6LANd0czWzQpawJxrQ,,
769,,,,,,AVIJ CREATIONS,1,https://www.youtube.com/channel/UCKQbd5dyD9E6T2TT__let3Q,,
770,,,,,,table w,1,https://www.youtube.com/channel/UCfqlcT01ICs64-ndXw-TL0Q,,
771,,,,,,Unick bajracharya,1,https://www.youtube.com/channel/UC8hZyFKIBn0LmMQz3gJQPDA,,
772,,,,,,ias results,1,https://www.youtube.com/channel/UC75Q2Udp4vVrMM8T3Wv3zVQ,,
773,,,,,,Red Wolf Fashion Guide,1,https://www.youtube.com/channel/UCqJGdw3a5qv0L0gPZ-wfo1A,,
774,,,,,,Lifestyle Approach,1,https://www.youtube.com/channel/UC3bQD1UP7BR_DtHLneqFiXg,,
775,,,,,,JMD collection,1,https://www.youtube.com/channel/UC08rLyFK6Rgo2U4kFRM2AuQ,,
776,,,,,,NH Hindi Songs,1,https://www.youtube.com/channel/UCB99sSHgBqCZWpMLtY8v0eg,,
777,,,,,,Christina Perri,1,https://www.youtube.com/channel/UC2gMECGMn5TVbRN5S5tKb8Q,,
778,,,,,,Rabbi Shergill - Topic,1,https://www.youtube.com/channel/UCITGwMA6B0Y2z8NDzNUxbeA,,
779,,,,,, Ajay Sahaab and Rajesh Singh ALFAAZ AUR AWAAZ,1,https://www.youtube.com/channel/UCDVgZQ9dEe5lKgzFO2yORqQ,,
780,,,,,,Song and tune,1,https://www.youtube.com/channel/UCLa90Cz7t8iWU_7SDNbnDUw,,
781,,,,,,Justh,1,https://www.youtube.com/channel/UC1b2-F-pVL7tWndDS3nQLcg,,
782,,,,,,Pahadi Billa Guitar Lesson,1,https://www.youtube.com/channel/UCzljoEPPPy9whBwxya23oCg,,
783,,,,,,Akshay Iyer,1,https://www.youtube.com/channel/UCBtAloBfMtS7UtL6ojg1SoA,,
784,,,,,,jiwan@motivation,1,https://www.youtube.com/channel/UCu2ryqhW9GdL9eXpcGux9hA,,
785,,,,,,Sahitya Tak,1,https://www.youtube.com/channel/UC6c1617Hv9xPoV2XFiA7gGw,,
786,,,,,,FactBHAI,1,https://www.youtube.com/channel/UC57Gu9if7-KuDWj57nvUmVQ,,
787,,,,,,Anshul Thakran,1,https://www.youtube.com/channel/UCaF8mUGbj3n_9ZEhHuBTSYA,,
788,,,,,,Upscaled History,1,https://www.youtube.com/channel/UC-JwTuO2TphE1U5Pn2aBSdg,,
789,,,,,,Zeliha Akpinar,1,https://www.youtube.com/channel/UChME7blpRpX1ViN-oPBpNmw,,
790,,,,,,lemontea123,1,https://www.youtube.com/channel/UC_Y284zKWwjm3nAsnzLnJWg,,
791,,,,,,Veritasium,1,https://www.youtube.com/channel/UCHnyfMqiRRG1u-2MsSQLbXA,,
792,,,,,,Tilley &amp; Alpha Norris,1,https://www.youtube.com/channel/UCFENW0z4bdjkDrz_ON74JxA,,
793,,,,,,UPSC Daliy,1,https://www.youtube.com/channel/UCdyTPIQluOYYRRA6UDTQltA,,
794,,,,,,Vibe Music Lyrics,1,https://www.youtube.com/channel/UCln1LpEAsRN6mwN_u88qLdg,,
795,,,,,,Sandeep mehra,1,https://www.youtube.com/channel/UCadpH3l0CcJEVzi0s7-PNNQ,,
796,,,,,,Arjun Adhikari,1,https://www.youtube.com/channel/UCcvi_ZbKxIE7utlwbNzLu2g,,
797,,,,,,Musicwale,1,https://www.youtube.com/channel/UCiIQdFHOTBm5jcskSa-spsQ,,
798,,,,,,AZ Hindi Lyrics,1,https://www.youtube.com/channel/UCxwiuWkGm94ITerEiev7eSw,,
799,,,,,,MUSIC RETOUCH,1,https://www.youtube.com/channel/UC8qDWNB9D5RDbLmJ4AsSSvg,,
800,,,,,,Harjeet Singh pappu,1,https://www.youtube.com/channel/UCGCecjLga7TGa_WteIL9Sew,,
801,,,,,,BollyBeatBox,1,https://www.youtube.com/channel/UC42ZBxzCp0U69A-0HaTRoOQ,,
802,,,,,,LYRICS HUB,1,https://www.youtube.com/channel/UCOxRpqO1yTql_PLPXB_Flfw,,
803,,,,,,Hot Hits Hindi,1,https://www.youtube.com/channel/UCbKOgklgfsaI2FDaJ4S_WDw,,
804,,,,,,Gaane Filmi,1,https://www.youtube.com/channel/UC_SzVcpHvBXZdfx3suh23RA,,
805,,,,,,sia shah,1,https://www.youtube.com/channel/UCTI9RrEiE9I-qoturzFO82g,,
806,,,,,,Click music HD🎧,1,https://www.youtube.com/channel/UCrqAcCcLtBTNhpVLwlFTmWw,,
807,,,,,,Rohan Dalvi,1,https://www.youtube.com/channel/UCfGN9OlJF9KakdyUK04M3cA,,
808,,,,,,TheBeginnerGuy,1,https://www.youtube.com/channel/UCN7elEskPAmEQSIin3ISpKw,,
809,,,,,,jeonlina,1,https://www.youtube.com/channel/UCq9q-1Tuwy7rXcwMvYY_m-w,,
810,,,,,,MarcinVEVO,1,https://www.youtube.com/channel/UCwpyAZcyO876qHDpf2X-U_Q,,
811,,,,,,Talent Recap,1,https://www.youtube.com/channel/UCSWwb_YyNB8vuC1VDcfPPaQ,,
812,,,,,,Kunal Kamra,1,https://www.youtube.com/channel/UC7sbc0Ed3_yMu-etXVpj7cg,,
813,,,,,,InstrumentManiac,1,https://www.youtube.com/channel/UCJB0-F02N-mL3G-FrQfb4CQ,,
814,,,,,,VR visual magics,1,https://www.youtube.com/channel/UCuTPbqWY503XKYRx3ZMFetA,,
815,,,,,,Dolphin Animation&#39;s,1,https://www.youtube.com/channel/UCiyC8wRE6cgJN5323v1PH5A,,
816,,,,,,Shubh Vivaah Wedding Invitation Videos,1,https://www.youtube.com/channel/UChkqP9zd-iUJeiv1suPMl6Q,,
817,,,,,,Next Web,1,https://www.youtube.com/channel/UCcnjD2i4zVE91j_6pSCImGg,,
818,,,,,,Ai Crusaders,1,https://www.youtube.com/channel/UCUBhSZ2JYCf-T6vS6edWSmw,,
819,,,,,,Pixel &amp; Bracket,1,https://www.youtube.com/channel/UCgllKT-His1Tbd4LUFazXUA,,
820,,,,,,TED,1,https://www.youtube.com/channel/UCAuUUnT6oDeKwE6v1NGQxug,,
821,,,,,,Big Brother,1,https://www.youtube.com/channel/UChWNkVYfyv6OPxb5F2o0l_g,,
822,,,,,,Alyssa Baker,1,https://www.youtube.com/channel/UCr5yp7atqjGF3Sj3JtQn03w,,
823,,,,,,Fighting Centre,1,https://www.youtube.com/channel/UCpshxsDVirv_tuyQmiKfDjA,,
824,,,,,,New edits,1,https://www.youtube.com/channel/UC4unfPZTlRI6EGQh1RgvQbw,,
825,,,,,,Bob Reese,1,https://www.youtube.com/channel/UCOOw_13nkOTxEv-ZI3Hg0SQ,,
826,,,,,,i_ankit_grewal_,1,https://www.youtube.com/channel/UCvGyEudSo0C4sqSnIzYqQGg,,
827,,,,,,OneCricket,1,https://www.youtube.com/channel/UCDtO1zXsZUoM2ywv0X7JlFw,,
828,,,,,,Finance With Sharan,1,https://www.youtube.com/channel/UCwVEhEzsjLym_u1he4XWFkg,,
829,,,,,,"Sean Doherty, MD - Plastic Surgeon",1,https://www.youtube.com/channel/UCIiIiTBHO6_gzUxxB2CsLQA,,
830,,,,,,Dr. Rahim Gonstead Chiropractor,1,https://www.youtube.com/channel/UCIpqRCu9dbj6MqlRJiP9M4A,,
831,,,,,,Akshara Deep Learning,1,https://www.youtube.com/channel/UCjz3nG9iEi821NkX9rSN4ug,,
832,,,,,,"DEPSTAR, CHARUSAT",1,https://www.youtube.com/channel/UCdbPil0VFKnBrOJjB2_4h4g,,
833,,,,,,Easy Engineering Classes,1,https://www.youtube.com/channel/UC4EX8zLiBUalk704IX_zu1Q,,
834,,,,,,bindas physics,1,https://www.youtube.com/channel/UCHOjqg0mSD3qp7I4snDSEEA,,
835,,,,,,Pankaj Physics Gulati,1,https://www.youtube.com/channel/UC_IWa3nj2wJ1ZIJK6CKBy4A,,
836,,,,,,ashesh jain,1,https://www.youtube.com/channel/UCDTGnb10B_A0rnnJMLW9Bmw,,
837,,,,,,Kids Channel Marathi - लोकप्रिय बालगीत,1,https://www.youtube.com/channel/UC7GEPiMslqJkMwVdfR5ArFQ,,
838,,,,,,gocognitive,1,https://www.youtube.com/channel/UCUciTUAOsGaJiypoHHmZHuA,,
839,,,,,,Lord Huron - Topic,1,https://www.youtube.com/channel/UCHIqmk90GKurdVSG5cf-sFQ,,
840,,,,,,gentlebarn,1,https://www.youtube.com/channel/UCOGCF6L1VqIVGJ4Cqi1P3eA,,
841,,,,,,LargeShortFilms,1,https://www.youtube.com/channel/UCKdX5TtJb6urNG1xEcDOeuQ,,
842,,,,,,perlapreciosa,1,https://www.youtube.com/channel/UCjvUvN7JmDG9m7HtvMmZyzA,,
843,,,,,,KEXP,1,https://www.youtube.com/channel/UC3I2GFN_F8WudD_2jUZbojA,,
844,,,,,,Let&#39;s Practice Together,1,https://www.youtube.com/channel/UCgYAtmS-eODGzOH28yPaa9g,,
845,,,,,,Paw Squadron,1,https://www.youtube.com/channel/UCxaNGRFsS06rPm5u5VPs_Ug,,
846,,,,,,HISTORY TV18,1,https://www.youtube.com/channel/UCh0Ob3N4miyi773toqSYj-A,,
847,,,,,,APMonitor.com,1,https://www.youtube.com/channel/UC2GuY-AxnNxIJFAVfEW0QFA,,
848,,,,,,Ketan Rajawat,1,https://www.youtube.com/channel/UCqllivjxIhCobFfA5vPiPWA,,
849,,,,,,Mohiuddin Ejaz,1,https://www.youtube.com/channel/UCQtzAj6etsd_1Z4vVmdL0cw,,
850,,,,,,EpicBits,1,https://www.youtube.com/channel/UCaUkBGW7mhW8ChLTDj2SuzQ,,
851,,,,,,The Formal Edit,1,https://www.youtube.com/channel/UCVaSUu1B_Y4R2rFLUpvRmlA,,
852,,,,,,sidequestz,1,https://www.youtube.com/channel/UCNDUK1LhfrnvedhfHGrZKPw,,
853,,,,,,sudoCODE,1,https://www.youtube.com/channel/UCMrRRZxUAXRzjai0SSoFgdw,,
854,,,,,,Gaurav Sen,1,https://www.youtube.com/channel/UCRPMAqdtSgd0Ipeef7iFsKw,,
855,,,,,,Harkirat Singh,1,https://www.youtube.com/channel/UCWX0cUR2rZcqKei1Vstww-A,,
856,,,,,,Romantic Hindi Songs,1,https://www.youtube.com/channel/UC2Gwx9evWGO--MZpjbZbKBw,,
857,,,,,,Sandeep Maheshwari,1,https://www.youtube.com/channel/UCBqFKDipsnzvJdt6UT0lMIg,,
858,,,,,,elets Tv,1,https://www.youtube.com/channel/UCFSN6sevjpNHIW1OnNzwZoQ,,
859,,,,,,SignDesk,1,https://www.youtube.com/channel/UCVCceHVRHoTRdW0He8YKE5w,,
860,,,,,,Chenab Music Chiniot,1,https://www.youtube.com/channel/UCqPAVDo_ZsE3L3AxCLsooTA,,
861,,,,,,JAB HAW2 CHANNEL,1,https://www.youtube.com/channel/UCWij7VCp129QBvj8Lwh7KGA,,
862,,,,,,MISTER AHMED,1,https://www.youtube.com/channel/UC21zy65MgH3RaXVTPMToeGQ,,
863,,,,,,REACH Rehab + Chiropractic Performance Center,1,https://www.youtube.com/channel/UCxjr79vcZsKWwArqf7gdvGQ,,
864,,,,,,Backyard_Lap_Pool,1,https://www.youtube.com/channel/UCf9OKVzGJ0UUlEcPujdTkRg,,
865,,,,,,Stresskiller Memes,1,https://www.youtube.com/channel/UC2Bfu5resdAVHCdshl8aOWw,,
866,,,,,,AB Black,1,https://www.youtube.com/channel/UCy_xISfTbTwzmcMb6Xb25lw,,
867,,,,,,SR PAY,1,https://www.youtube.com/channel/UCr-BYW60bAtDcNtz6AoiHZQ,,
868,,,,,,Gaurav Gupta,1,https://www.youtube.com/channel/UCkv2ml-PB1ZKPGfR7XowRSA,,
869,,,,,,GTX,1,https://www.youtube.com/channel/UCDR9TQHk_sng3vbjR75GFvw,,
870,,,,,,Random Vines,1,https://www.youtube.com/channel/UCFust8h7vAZ0h5aMKIbxnMg,,
871,,,,,,1nnov TV,1,https://www.youtube.com/channel/UCsVHhibbSHiiCwU6FgY2eBw,,
872,,,,,,AsapSCIENCE,1,https://www.youtube.com/channel/UCC552Sd-3nyi_tk2BudLUzA,,
873,,,,,,Harsivo Edu,1,https://www.youtube.com/channel/UCKIpdz6fS_CTemcqMrFhDwQ,,
874,,,,,,Down To Earth,1,https://www.youtube.com/channel/UCIB_MLJZL0T_s5OUuqhmbVA,,
875,,,,,,Keep On Coding,1,https://www.youtube.com/channel/UCsLo154Krjwhoz8W00N8ItA,,
876,,,,,,Computational Medicine,1,https://www.youtube.com/channel/UCCNnldmD9ptQlRL48JuI-vA,,
877,,,,,,serpentza,1,https://www.youtube.com/channel/UCl7mAGnY4jh4Ps8rhhh8XZg,,
878,,,,,,Telusko,1,https://www.youtube.com/channel/UC59K-uG2A5ogwIrHw4bmlEg,,
879,,,,,,Raj Shamani Shorts,1,https://www.youtube.com/channel/UCGen0VdtskXYv0ldQlM7ryg,,
880,,,,,,Grow Wiser,1,https://www.youtube.com/channel/UCl5t-jI-Jf3PpS2FMIN9g3Q,,
881,,,,,,Mr.Shorts,1,https://www.youtube.com/channel/UC6eSRUsX3AMA9njhJgcNulQ,,
882,,,,,,Mini Katana,1,https://www.youtube.com/channel/UCy_WCbqwp5ZZ4zNwAyMChiA,,
883,,,,,,The Sports Hub,1,https://www.youtube.com/channel/UCdBuNhyJjiOWNTWpYHNv_lg,,
884,,,,,,Pawbrey,1,https://www.youtube.com/channel/UCaJlYj6Z9FBGZH_9vE7zfIg,,
885,,,,,,ScrollwithDk,1,https://www.youtube.com/channel/UCujMbQBRQYL5hQ4VIlo26mw,,
886,,,,,,Inga Lam,1,https://www.youtube.com/channel/UC00VfxvU5rWV48QshqnbDVQ,,
887,,,,,,FitFix ,1,https://www.youtube.com/channel/UC3NJVkGUkPwvWwWpQG-67Ag,,
888,,,,,,NamAstro,1,https://www.youtube.com/channel/UCdGXECax48q5TvpHe5jyTsg,,
889,,,,,,RAAAZ by BigBrainco.,1,https://www.youtube.com/channel/UCDHQsUdSQE3p4i5vCXB7uFA,,
890,,,,,,20th Century Studios Philippines,1,https://www.youtube.com/channel/UC-JrjBL_iZAn5wjEsw9nRYA,,
891,,,,,,Walt Disney Studios Philippines,1,https://www.youtube.com/channel/UCCPJwUM4ZwSwba5o5m6B0Ug,,
892,,,,,,Addictor Pro,1,https://www.youtube.com/channel/UC3nAXdeQLmEMSteuweuqTxQ,,
893,,,,,,Funcho Shorts,1,https://www.youtube.com/channel/UCdHE6yw63QqfxoH6y-D5sFg,,
894,,,,,,Mohd Suhel,1,https://www.youtube.com/channel/UCxjylReIiUY_NSSyA31S_Rg,,
895,,,,,,Vivek Samtani,1,https://www.youtube.com/channel/UCqzcceB6MQJZ5L1xAu_jHiQ,,
896,,,,,,Somesh Sharma,1,https://www.youtube.com/channel/UCgqxPFdkpvnjSi0fyLrvj4g,,
897,,,,,,Mike &amp; Nella,1,https://www.youtube.com/channel/UCmdalnToTYqDYHbDxy1qeUA,,
898,,,,,,Life in Tibet ,1,https://www.youtube.com/channel/UCYqm97VB-3QOydycnodcGXw,,
899,,,,,,SH.Inspire,1,https://www.youtube.com/channel/UCzPmyceFLPnMsd7QRdiY81Q,,
900,,,,,,BeerBiceps,1,https://www.youtube.com/channel/UCPxMZIFE856tbTfdkdjzTSQ,,
901,,,,,,Manish Keshwani Fitness,1,https://www.youtube.com/channel/UCuTVBTUD21DmU-mseaX7JkA,,
902,,,,,,Try out with ps,1,https://www.youtube.com/channel/UCcsR6qPMrpti4PM5Wc7TbnQ,,
903,,,,,,CyFy,1,https://www.youtube.com/channel/UC6cgh3wDSFPAYETrpLzPSvQ,,
904,,,,,,GYM VLUD 2D,1,https://www.youtube.com/channel/UC8JxBUy-Q7SOvcqeHrxr_fA,,
905,,,,,,Dapp University,1,https://www.youtube.com/channel/UCY0xL8V6NzzFcwzHCgB8orQ,,
906,,,,,,Cricket IPL YT,1,https://www.youtube.com/channel/UCZF2IZvB3KbZxdXfjDjbDZw,,
907,,,,,,Biz Vlogs,1,https://www.youtube.com/channel/UCi8eZMTcvJIy4mNgB5yBqQA,,
908,,,,,,UpDating,1,https://www.youtube.com/channel/UCSoBOeu5hQsw90Q31hI20Sw,,
909,,,,,,Godfrey Twins,1,https://www.youtube.com/channel/UC86H9UygCqYBlCfS9wqk4DQ,,
910,,,,,,Cricket Storytime,1,https://www.youtube.com/channel/UCGRz6IoyfrAKYGNJgX_QS2A,,
911,,,,,,Dude Perfect,1,https://www.youtube.com/channel/UCRijo3ddMTht_IHyNSNXpNQ,,
912,,,,,,Undercover Cop!,1,https://www.youtube.com/channel/UChr-eEmD5euBB6oTwsXmsSA,,
913,,,,,,Browney Shorts,1,https://www.youtube.com/channel/UCuJBpMyxlmemsQiivWPcGrQ,,
914,,,,,,JunkTramp,1,https://www.youtube.com/channel/UC_X3VexB-zomcP0E2i7NUjQ,,
915,,,,,,Avi ke Challenge,1,https://www.youtube.com/channel/UC9in_czFIqL8EShg8nWRZrg,,
916,,,,,,How Ridiculous,1,https://www.youtube.com/channel/UC5f5IV0Bf79YLp_p9nfInRA,,
917,,,,,,Tomar Sahab,1,https://www.youtube.com/channel/UCKof8sPcUIfrCfdxfezWSQA,,
918,,,,,,John,1,https://www.youtube.com/channel/UCX3zp1p-YoQJOa2ybw6849Q,,
919,,,,,,Matt Larose,1,https://www.youtube.com/channel/UCATWUurs5SImDMX_prUtxng,,
920,,,,,,Sports Launchpad,1,https://www.youtube.com/channel/UCqAjtjKyqCJOCDakh2iz_1g,,
921,,,,,,Supercar Blondie,1,https://www.youtube.com/channel/UCKSVUHI9rbbkXhvAXK-2uxA,,
922,,,,,,Earth&#39;sMotive,1,https://www.youtube.com/channel/UClgfGt5NhLUC0nOgkiZjfGQ,,
923,,,,,,Shiv_yash_bhukkadofagra,1,https://www.youtube.com/channel/UC3L67JaBSMMYQFYE5u2-SsQ,,
924,,,,,,LazarBeam,1,https://www.youtube.com/channel/UCw1SQ6QRRtfAhrN_cjkrOgA,,
925,,,,,,Hulett Brothers,1,https://www.youtube.com/channel/UCh3UXFPTciJP1luW0r6DBjg,,
926,,,,,,Official Sumit2.0,1,https://www.youtube.com/channel/UC_4YRPnI_aY6LJza8PTgjyw,,
927,,,,,,CricMohit2.0,1,https://www.youtube.com/channel/UCsOt0EtI4UDSwh2K3B2aEPA,,
928,,,,,,PB The Prince,1,https://www.youtube.com/channel/UC21I6tEyHTeSblJn8WBo0Jw,,
929,,,,,,Jorden Tually,1,https://www.youtube.com/channel/UC9hCQoT-VY7vVRaC62WJOJw,,
930,,,,,,Striver,1,https://www.youtube.com/channel/UCvEKHATlVq84hm1jduTYm8g,,
931,,,,,,Infobells - Hindi,1,https://www.youtube.com/channel/UC1ciY6kR3yj3kaKZ6R7ewAg,,
932,,,,,,ElvisPresleyVEVO,1,https://www.youtube.com/channel/UCSEmH1YyFWltSBYkfLMtkcg,,
933,,,,,,The Other Side,1,https://www.youtube.com/channel/UC6eh9cd-iqmav5iZAtrfy3Q,,
934,,,,,,LKLogic,1,https://www.youtube.com/channel/UCPkctgt1mTeJWTGj4tq4dPQ,,
935,,,,,,Foodierary,1,https://www.youtube.com/channel/UCEF9WgbgEcLLrqDwuk_qhow,,
936,,,,,,Dr. Swole,1,https://www.youtube.com/channel/UCUIe8bnLLrKl4GDlz4whfIw,,
937,,,,,,Crazy Yogi,1,https://www.youtube.com/channel/UCqHhyxRSgIUwl8boNl88hzA,,
938,,,,,,Kiran Kumar,1,https://www.youtube.com/channel/UCbc3c3bq7pN-CPtWq_GV7JA,,
939,,,,,,Harry Jaggard,1,https://www.youtube.com/channel/UC8fwExOkHg0_fX_XJcR31NA,,
940,,,,,,Karun,1,https://www.youtube.com/channel/UCl6qDZPBdN6pNKlNjYlh3IA,,
941,,,,,,Kalpak vlog,1,https://www.youtube.com/channel/UC7N22Z-iFxSEMy_S0eb1QoQ,,
942,,,,,,Rohit &amp; Kanupriya,1,https://www.youtube.com/channel/UCtAXJ4DNpshfVjLIMq9pIRw,,
943,,,,,,Murat Tuncer,1,https://www.youtube.com/channel/UC04eqcpl6lLqH9Zsub9kq9A,,
944,,,,,,ara ara,1,https://www.youtube.com/channel/UCZTS2Mbyh6-4JFXp_j6uxfA,,
945,,,,,,cricket.com/tv,1,https://www.youtube.com/channel/UCWYs0WLH1efzGbp0j_cJtjQ,,
946,,,,,,Tridev Kannada Rhymes,1,https://www.youtube.com/channel/UCKlxYJ3hkcDZkhkgxu0gpNQ,,
947,,,,,,The Dusty Lumber Co,1,https://www.youtube.com/channel/UCimOR5IKca6KfhT-SnBv_lg,,
948,,,,,,Masti with Saurabh,1,https://www.youtube.com/channel/UCuGFtydV8usllLHGDuXejZw,,
949,,,,,,Timmy Karter,1,https://www.youtube.com/channel/UC29Cfp-srhuP40b9YD-Q4oA,,
950,,,,,,Do Musafir Canada,1,https://www.youtube.com/channel/UC6hvUCxzNJ8Te8prge8l8Bg,,
951,,,,,,amilaskask,1,https://www.youtube.com/channel/UCTQgW7dOrq6whNsDfeIpIwQ,,
952,,,,,,Gagan Aroraaa,1,https://www.youtube.com/channel/UCFm5sj9FER-2K2FzLpRLMPg,,
953,,,,,,BACKBENCHER,1,https://www.youtube.com/channel/UCm-aeuBgeDnYw2-Hi1wAHJQ,,
954,,,,,,Iron Chef Dad,1,https://www.youtube.com/channel/UCQVwn0HNVFhg52-8ln0WJSw,,
955,,,,,,Scenic Relaxation,1,https://www.youtube.com/channel/UC95bEkaIgwhxSjSsdMFXYGg,,
956,,,,,,devinsupertramp,1,https://www.youtube.com/channel/UCwgURKfUA7e0Z7_qE3TvBFQ,,
957,,,,,,Lucas T. Jahn,1,https://www.youtube.com/channel/UCG10CJ-y-08b0DPQ1YQ345Q,,
958,,,,,,mia0715,1,https://www.youtube.com/channel/UChIZrYEfkGn1wJ_YvyngI2A,,
959,,,,,,RishuZone Gaming,1,https://www.youtube.com/channel/UCwvMSxSRwDMI3wRUhw1rhTw,,
960,,,,,,Jake Maldonado,1,https://www.youtube.com/channel/UC4mukrC-jYr-mUfIOCzvS1w,,
961,,,,,,Saregama Ghazal,1,https://www.youtube.com/channel/UCcfQ2IQNVoAb7znCP2dlIqw,,
962,,,,,,the guy who edits,1,https://www.youtube.com/channel/UC99wd4wi8AfaSkqprWo206g,,
963,,,,,,nani,1,https://www.youtube.com/channel/UCZFluF86elRzd0_m1M-t2nA,,
964,,,,,,The Macarons Project,1,https://www.youtube.com/channel/UCgOqnJrRvoLd8wuaszFoV-Q,,
965,,,,,,Reneé Dominique,1,https://www.youtube.com/channel/UC-fn57_xqMv-PaMmpm-ZspQ,,
966,,,,,,Stephanie Poetri,1,https://www.youtube.com/channel/UCvk7b1Ydbaq3x3dCuSkdfHQ,,
967,,,,,,Ysabelle,1,https://www.youtube.com/channel/UCLsy9ruQ3qHxmLOnJQmO5KQ,,
968,,,,,,Alex Porat,1,https://www.youtube.com/channel/UC7JYqh2bD1sQV_Bbyd3-M2Q,,
969,,,,,,ændelss,1,https://www.youtube.com/channel/UCV451JTBynN3FlE5_dKR6KQ,,
970,,,,,,Pillow,1,https://www.youtube.com/channel/UC8DBdOsq1zu-PbKHG8kNV0g,,
971,,,,,,Cover Nation,1,https://www.youtube.com/channel/UCtwQvkMG2Ksbe2HhB1WJlOg,,
972,,,,,,Dixzie Cruel,1,https://www.youtube.com/channel/UC6dX0XzeyBU29azHkQxkc6g,,
973,,,,,,Midnight Strums,1,https://www.youtube.com/channel/UCgsIz_27cHDAEPJfaQBGGow,,
974,,,,,,Habana Music,1,https://www.youtube.com/channel/UCEepTsC1cUmjyzifzGAPnIw,,
975,,,,,,JIMOH,1,https://www.youtube.com/channel/UC4Uunw-XweAh0D40vZ7vMXQ,,
976,,,,,,Boyce Avenue,1,https://www.youtube.com/channel/UCgc00bfF_PvO_2AvqJZHXFg,,
977,,,,,,Teddy Swims,1,https://www.youtube.com/channel/UCb-ikMqe9iS8GjG7WgGwCrQ,,
978,,,,,,Rosesarerosie,1,https://www.youtube.com/channel/UCBo1hnzxV9rz3WVsv__Rn1g,,
979,,,,,,PoddyCentral,1,https://www.youtube.com/channel/UCfNi2e1-ir22DuRnWv9lI1A,,
980,,,,,,IMPAULSIVE Clips,1,https://www.youtube.com/channel/UCE9ZKI1b_PhVm3gejYuilhw,,
981,,,,,,Code Traversal,1,https://www.youtube.com/channel/UC0KuVt-TeaAGR2ncOTzBMcQ,,
982,,,,,,Max,1,https://www.youtube.com/channel/UCx-KWLTKlB83hDI6UKECtJQ,,
983,,,,,,PM Music,1,https://www.youtube.com/channel/UC19Wx0PjlB8rgJWD5NK7Hag,,
984,,,,,,Romantic Gaane,1,https://www.youtube.com/channel/UCYhqVFkgWutm0ouA1jghX1w,,
985,,,,,,John Casterline,1,https://www.youtube.com/channel/UCE7spuKzxP1k8A-XucxxUAQ,,
986,,,,,,Runner Recap,1,https://www.youtube.com/channel/UCLD9e7or73XNIlpG5kEbLTA,,
987,,,,,,Anatoly Dadda,1,https://www.youtube.com/channel/UCqoXYPbmq5vUzXmYvInwSNg,,
988,,,,,,Sahil &amp; Sarra,1,https://www.youtube.com/channel/UCkcqmxjMXaBb0kDWqqSEU1g,,
989,,,,,,Be YouNick Shorts,1,https://www.youtube.com/channel/UCk1ekecZ8Wt939wrdxwEjuA,,
990,,,,,,gully cricket,1,https://www.youtube.com/channel/UCxFfuZu3XqU_96OGBj22mWw,,
991,,,,,,Highlight Reel,1,https://www.youtube.com/channel/UCd5hdemikI6GxwGKhJCwzww,,
992,,,,,,Cricket Explosive Drills,1,https://www.youtube.com/channel/UCSk6VID9h3RiOxMGXJCrePg,,
993,,,,,,FuzzyM Cricket,1,https://www.youtube.com/channel/UCiNWalzZ1HUIDwhzfQcwt4Q,,
994,,,,,,Hafu Go,1,https://www.youtube.com/channel/UCXMVaxrax7RNDPdfRrXXgtQ,,
995,,,,,,Physics Girl,1,https://www.youtube.com/channel/UC7DdEm33SyaTDtWYGO2CwdA,,
996,,,,,,Also Abhinav,1,https://www.youtube.com/channel/UCSoOY37X45twbR5EC4hcdrQ,,
997,,,,,,soeslife shorts,1,https://www.youtube.com/channel/UCBc_qvL1aee8iu8I6CgnDvw,,
998,,,,,,Tricksters,1,https://www.youtube.com/channel/UCkQEYwVkQwA19O2D0n_clFg,,
999,,,,,,CRICKET WITH FURQUAN,1,https://www.youtube.com/channel/UC7MPuG7BJdpo0wSxXrnj8kg,,
1000,,,,,,KeaneVEVO,1,https://www.youtube.com/channel/UCu1raXDJ4jkIiyy_NOUF2QQ,,
1001,,,,,,TheWeekndVEVO,1,https://www.youtube.com/channel/UCF_fDSgPpBQuh1MsUTgIARQ,,
1002,,,,,,Arctic Monkeys - Topic,1,https://www.youtube.com/channel/UC8Yu1_yfN5qPh601Y4btsYw,,
1003,,,,,,d4vd,1,https://www.youtube.com/channel/UC98WsFnuhfS3uT8PwdYCjbw,,
1004,,,,,,StephenSanchezVEVO,1,https://www.youtube.com/channel/UCWGsC1q1o7iZ-4-fLGHop0A,,
1005,,,,,,MitskiVEVO,1,https://www.youtube.com/channel/UC_Fv428B6qnjWLcR8d7t9jQ,,
1006,,,,,,Zoobees Hindi Kids Rhymes,1,https://www.youtube.com/channel/UCpLk9tg2MsgUHPJn2SDb6fg,,
1007,,,,,,Shemaroo Kids Bengali,1,https://www.youtube.com/channel/UCQD8lyhaaPC8AbBztf9YfXA,,
1008,,,,,,Hector The Tractor - Hindi Videos and Rhymes,1,https://www.youtube.com/channel/UCAR0XbmLZ8VmUs_mjTq44Og,,
1009,,,,,,Lead Little Kids 3D,1,https://www.youtube.com/channel/UCBrPPjWpMamzmAMxkKA41gw,,
1010,,,,,,Lead Little Kids,1,https://www.youtube.com/channel/UCTUe-b7uJeR9w90sFPGEXww,,
1011,,,,,,Tridev Marathi Rhymes,1,https://www.youtube.com/channel/UCeh610enHX91-jwTgN8a1gw,,
1012,,,,,,Dostcast,1,https://www.youtube.com/channel/UCpeRzRS1b1NvY4og1huE7jw,,
1013,,,,,,YouTube India Spotlight,1,https://www.youtube.com/channel/UCvScgo6mAvbMEjszK4sSj6g,,
1014,,,,,,True Coders,1,https://www.youtube.com/channel/UCEdktsrG82C-Di-me54tjdQ,,
1015,,,,,,Andy Math,1,https://www.youtube.com/channel/UC6KhU3AMLHC-qv7tj0ZJduw,,
1016,,,,,,Free Web &amp; Mobile Apps,1,https://www.youtube.com/channel/UCfduqwJEfcOS2WMYwRC8U9w,,
1017,,,,,,Code With Dr,1,https://www.youtube.com/channel/UCNth0gV0IDBt9rocUqrFGKA,,
1018,,,,,,HelloHarendra,1,https://www.youtube.com/channel/UCkDHDcH4MEe1boyD9xqIkPw,,
1019,,,,,,Shivam Gupta,1,https://www.youtube.com/channel/UCq54jfCq7l8XVpqqnUPt8qg,,
1020,,,,,,Mitch Koko,1,https://www.youtube.com/channel/UCVj9dwfXRmwyYmiWnk-qCCQ,,
1021,,,,,,Dear Programmer,1,https://www.youtube.com/channel/UC91MesxZENXuX9bIZRwCcBw,,
1022,,,,,,GeeksforGeeks,1,https://www.youtube.com/channel/UC0RhatS1pyxInC00YKjjBqQ,,
1023,,,,,,Hussain Mustafa,1,https://www.youtube.com/channel/UCcTh-nJ9jIYTnJie4ksarsQ,,
1024,,,,,,Backslash Flutter,1,https://www.youtube.com/channel/UCknAgO0AdG61Yd1G7D1Arxg,,
1025,,,,,,Optimizers,1,https://www.youtube.com/channel/UCJQpsDl4O6L6uU4wqcbQmgw,,
1026,,,,,,Yash Bhure,1,https://www.youtube.com/channel/UCPq2-pIQ7PvxKh2pnjK0W6Q,,
1027,,,,,,Ryan Tricks,1,https://www.youtube.com/channel/UCP7eT6DcV6Dk5kWOc5hrC6A,,
1028,,,,,,Greenskull AI,1,https://www.youtube.com/channel/UCJvBXBYPWE1aIlrM0r1Ilhw,,
1029,,,,,,HL Stories,1,https://www.youtube.com/channel/UCXu0h8kybDF6kMO2sXxDa3Q,,
1030,,,,,,Christian Tye,1,https://www.youtube.com/channel/UClvaL62jPrgHri6viv-sxxg,,
1031,,,,,,THE AMAN SHOWS,1,https://www.youtube.com/channel/UCXYISas9Lo4PGaLepBJYzLw,,
1032,,,,,,Nomad Shubham,1,https://www.youtube.com/channel/UCNCl2n5YZfUXaxSVL3zqlLA,,
1033,,,,,,Bhookha Sher,1,https://www.youtube.com/channel/UC-njV1M9SnQgDofzkcSB2Pg,,
1034,,,,,,Vishal,1,https://www.youtube.com/channel/UCo5-Nod1hkMelw_0P0trXIA,,
1035,,,,,,TLE Eliminators - by Priyansh,1,https://www.youtube.com/channel/UCqL-fzHtN3NQPbYqGymMbTA,,
1036,,,,,,SyncMain,1,https://www.youtube.com/channel/UCt9cudqajvAG6n70cQW1exQ,,
1037,,,,,,Austen Alexander,1,https://www.youtube.com/channel/UCm_KYd9ls02FktHoE_R_1Qg,,
1038,,,,,,xkcd&#39;s What If?,1,https://www.youtube.com/channel/UC6IxnFzHofFJ5X2PycSMsww,,
1039,,,,,,8 DIMENSIONAL MUSIC,1,https://www.youtube.com/channel/UCL1kad0_ZCUaV3n12Ha65sQ,,
